customer_id,age,tenure_months,monthly_charges,total_charges,support_calls,late_payments,satisfaction_score,num_products,contract,internet_service,payment_method,paperless_billing,churn
CUST-00001,23,51,23.73,1128.36,2,2,6.0,1,One year,Fiber optic,Electronic check,Yes,0
CUST-00002,62,7,95.13,691.95,5,1,10.0,3,One year,Fiber optic,Mailed check,No,0
CUST-00003,55,54,124.55,7156.46,3,1,6.0,3,Month-to-month,Fiber optic,Electronic check,No,1
CUST-00004,43,7,111.21,716.19,5,0,9.0,3,Month-to-month,DSL,Bank transfer,Yes,1
CUST-00005,42,3,50.49,134.89,0,1,9.0,1,Month-to-month,DSL,Electronic check,Yes,0
CUST-00006,66,8,25.87,203.96,0,2,5.0,1,One year,DSL,Credit card,No,0
CUST-00007,22,33,123.44,4341.42,2,0,9.0,4,Two year,DSL,Electronic check,Yes,0
CUST-00008,57,45,123.08,5739.03,1,1,9.0,2,Month-to-month,DSL,Mailed check,No,0
CUST-00009,29,29,78.57,2388.93,3,1,4.0,2,Month-to-month,Fiber optic,Bank transfer,Yes,1
CUST-00010,23,8,90.65,708.29,1,1,3.0,2,Month-to-month,Fiber optic,Mailed check,Yes,1
CUST-00011,48,14,70.89,929.33,1,0,2.0,4,Month-to-month,Fiber optic,Bank transfer,Yes,1
CUST-00012,73,62,66.17,4133.83,4,1,10.0,1,Month-to-month,No,Credit card,Yes,0
CUST-00013,59,70,33.14,2155.21,2,3,5.0,4,One year,No,Credit card,Yes,0
CUST-00014,61,55,30.64,1776.7,3,2,6.0,4,Month-to-month,DSL,Mailed check,Yes,0
CUST-00015,58,7,45.6,295.99,1,0,3.0,1,Two year,Fiber optic,Bank transfer,No,0
CUST-00016,62,59,112.03,6278.64,1,0,4.0,1,Month-to-month,No,Credit card,Yes,0
CUST-00017,47,50,36.04,1804.83,3,0,5.0,1,One year,DSL,Bank transfer,Yes,0
CUST-00018,25,38,44.94,1702.27,3,1,6.0,2,Month-to-month,Fiber optic,Electronic check,Yes,0
CUST-00019,65,10,80.35,822.95,4,1,2.0,3,Month-to-month,No,Mailed check,Yes,1
CUST-00020,43,72,43.66,3096.33,3,0,8.0,3,Month-to-month,Fiber optic,Credit card,Yes,0
CUST-00021,46,32,37.95,1336.66,5,1,4.0,2,One year,No,Bank transfer,No,0
CUST-00022,39,3,81.96,265.94,1,1,3.0,2,Two year,No,Mailed check,No,0
CUST-00023,28,15,60.49,989.91,2,0,1.0,4,Month-to-month,DSL,Mailed check,No,1
CUST-00024,70,29,88.88,2657.64,0,0,2.0,4,Month-to-month,Fiber optic,Mailed check,No,1
CUST-00025,62,4,120.34,496.96,1,1,3.0,1,One year,No,Bank transfer,Yes,1
CUST-00026,54,23,36.61,864.1,2,2,8.0,4,Month-to-month,DSL,Electronic check,Yes,0
CUST-00027,40,34,120.48,4032.3,2,0,9.0,2,Two year,DSL,Bank transfer,Yes,0
CUST-00028,64,69,119.27,7878.27,3,0,10.0,4,Month-to-month,DSL,Bank transfer,No,0
CUST-00029,49,6,111.2,681.93,5,1,3.0,4,Two year,Fiber optic,Electronic check,Yes,1
CUST-00030,43,42,89.44,3328.72,5,0,7.0,3,One year,Fiber optic,Credit card,No,0
CUST-00031,43,66,88.22,5134.24,4,1,3.0,3,Month-to-month,No,Bank transfer,No,1
CUST-00032,30,58,90.31,5680.03,4,1,2.0,2,One year,DSL,Mailed check,Yes,0
CUST-00033,23,67,95.95,5728.84,3,0,6.0,1,Month-to-month,Fiber optic,Electronic check,Yes,0
CUST-00034,49,12,21.81,263.28,4,0,7.0,1,One year,DSL,Credit card,Yes,0
CUST-00035,68,58,125.39,7473.32,0,1,8.0,2,Two year,No,Credit card,Yes,0
CUST-00036,21,71,84.42,5559.63,1,0,2.0,4,One year,Fiber optic,Electronic check,Yes,0
CUST-00037,66,23,105.96,2668.54,0,0,8.0,2,Month-to-month,Fiber optic,Bank transfer,Yes,0
CUST-00038,65,36,61.5,2049.33,2,1,4.0,2,Month-to-month,DSL,Mailed check,No,0
CUST-00039,33,38,21.36,886.58,5,1,3.0,3,Month-to-month,DSL,Bank transfer,No,0
CUST-00040,54,36,76.07,2911.37,0,0,1.0,2,One year,DSL,Credit card,Yes,0
CUST-00041,27,21,75.79,1492.56,3,1,3.0,2,One year,No,Credit card,Yes,1
CUST-00042,61,70,68.07,4365.5,0,1,5.0,3,Month-to-month,DSL,Mailed check,No,0
CUST-00043,57,69,57.37,3783.94,4,0,2.0,4,One year,No,Credit card,Yes,0
CUST-00044,38,27,47.48,1250.56,0,1,4.0,4,One year,DSL,Mailed check,No,0
CUST-00045,21,58,78.03,4249.62,2,1,6.0,4,One year,Fiber optic,Mailed check,Yes,0
CUST-00046,73,29,61.28,1989.9,2,1,1.0,3,Month-to-month,DSL,Electronic check,No,1
CUST-00047,43,58,126.69,6871.26,0,0,9.0,3,Month-to-month,DSL,Mailed check,No,0
CUST-00048,68,42,39.02,1768.89,3,0,4.0,1,Month-to-month,Fiber optic,Mailed check,No,0
CUST-00049,56,34,55.16,1722.01,1,1,8.0,1,Two year,Fiber optic,Electronic check,No,0
CUST-00050,62,9,52.34,525.35,4,0,7.0,4,Two year,Fiber optic,Bank transfer,Yes,0
CUST-00051,61,47,79.76,3501.78,3,1,8.0,3,Two year,Fiber optic,Bank transfer,Yes,0
CUST-00052,29,23,74.92,1690.77,2,1,3.0,1,Month-to-month,DSL,Mailed check,No,1
CUST-00053,38,15,90.81,1381.3,3,1,2.0,2,One year,Fiber optic,Bank transfer,Yes,1
CUST-00054,44,14,124.5,1584.16,6,0,2.0,4,Two year,Fiber optic,Electronic check,Yes,1
CUST-00055,46,71,51.37,3924.6,1,1,3.0,1,Month-to-month,DSL,Electronic check,Yes,0
CUST-00056,20,7,96.2,636.99,3,0,6.0,2,Month-to-month,Fiber optic,Mailed check,Yes,1
CUST-00057,49,58,22.75,1335.1,1,3,7.0,4,Month-to-month,DSL,Electronic check,Yes,0
CUST-00058,26,63,48.86,3114.85,2,0,8.0,4,One year,DSL,Bank transfer,Yes,0
CUST-00059,60,2,71.01,145.52,2,0,10.0,2,Month-to-month,DSL,Credit card,Yes,0
CUST-00060,56,43,23.41,899.24,1,0,9.0,4,Month-to-month,Fiber optic,Electronic check,Yes,0
CUST-00061,70,42,87.94,3399.73,1,0,4.0,3,Month-to-month,DSL,Electronic check,No,0
CUST-00062,60,26,94.61,2259.84,3,0,5.0,2,One year,No,Mailed check,Yes,0
CUST-00063,38,48,102.14,4669.8,1,0,10.0,4,Two year,Fiber optic,Bank transfer,No,0
CUST-00064,73,29,76.82,2037.93,3,0,8.0,4,One year,DSL,Bank transfer,No,0
CUST-00065,41,32,86.43,3045.82,2,1,5.0,2,Two year,Fiber optic,Mailed check,Yes,0
CUST-00066,36,31,63.57,,1,1,9.0,1,One year,DSL,Electronic check,Yes,0
CUST-00067,69,58,24.54,1465.53,4,1,2.0,4,Two year,DSL,Bank transfer,Yes,0
CUST-00068,39,46,30.99,1376.78,1,1,7.0,1,Month-to-month,No,Mailed check,No,0
CUST-00069,22,27,92.05,2351.88,3,1,10.0,4,Two year,Fiber optic,Mailed check,Yes,0
CUST-00070,44,67,129.51,8683.79,2,0,6.0,2,Two year,DSL,Bank transfer,Yes,0
CUST-00071,63,58,21.74,1198.68,2,1,7.0,3,One year,No,Mailed check,Yes,0
CUST-00072,28,68,81.33,5322.91,2,2,1.0,3,Month-to-month,No,Credit card,No,0
CUST-00073,44,53,102.61,5376.66,2,3,7.0,1,Month-to-month,Fiber optic,Credit card,Yes,1
CUST-00074,25,28,110.95,3110.87,2,0,3.0,1,Month-to-month,Fiber optic,Mailed check,Yes,1
CUST-00075,57,56,79.97,4998.86,6,3,10.0,3,Month-to-month,Fiber optic,Credit card,No,0
CUST-00076,45,24,88.19,1976.01,5,0,4.0,3,Month-to-month,Fiber optic,Bank transfer,Yes,1
CUST-00077,36,19,96.64,1830.86,1,1,4.0,1,Month-to-month,Fiber optic,Credit card,No,1
CUST-00078,30,32,114.49,3355.5,0,1,4.0,4,Month-to-month,No,Electronic check,No,1
CUST-00079,50,70,33.45,2257.21,2,0,7.0,1,Two year,Fiber optic,Bank transfer,Yes,0
CUST-00080,56,41,121.88,5257.7,2,0,10.0,4,One year,DSL,Credit card,Yes,0
CUST-00081,71,28,22.86,590.07,1,1,4.0,1,Two year,DSL,Bank transfer,Yes,0
CUST-00082,42,33,111.98,3767.49,4,2,3.0,1,Month-to-month,Fiber optic,Credit card,No,1
CUST-00083,27,21,28.44,585.3,0,0,8.0,3,Month-to-month,DSL,Bank transfer,No,0
CUST-00084,65,48,41.41,1773.76,0,0,6.0,3,Month-to-month,DSL,Electronic check,Yes,0
CUST-00085,53,25,20.43,563.84,3,1,5.0,3,Two year,Fiber optic,Electronic check,No,0
CUST-00086,57,40,68.98,2701.99,3,0,10.0,1,Month-to-month,No,Credit card,Yes,0
CUST-00087,23,26,56.78,1576.88,2,1,5.0,2,One year,DSL,Electronic check,Yes,0
CUST-00088,35,23,38.26,862.31,5,0,7.0,2,Month-to-month,DSL,Bank transfer,Yes,0
CUST-00089,61,70,69.62,5384.94,2,1,10.0,2,Month-to-month,No,Credit card,No,0
CUST-00090,65,25,64.26,1525.71,3,0,3.0,4,Month-to-month,Fiber optic,Electronic check,Yes,1
CUST-00091,42,5,104.44,511.2,2,0,10.0,2,Month-to-month,Fiber optic,Bank transfer,Yes,1
CUST-00092,63,27,118.24,3390.82,2,4,10.0,4,Month-to-month,Fiber optic,Bank transfer,Yes,1
CUST-00093,65,38,91.78,3356.78,1,1,5.0,2,Two year,Fiber optic,Bank transfer,No,0
CUST-00094,40,6,33.69,195.56,4,2,,1,Month-to-month,DSL,Mailed check,No,1
CUST-00095,69,22,52.49,1291.92,1,2,2.0,1,Month-to-month,Fiber optic,Mailed check,Yes,1
CUST-00096,34,12,120.47,1464.94,2,2,1.0,1,Month-to-month,Fiber optic,Bank transfer,Yes,1
CUST-00097,31,36,29.76,1120.05,4,0,10.0,2,Two year,DSL,Mailed check,Yes,0
CUST-00098,56,52,64.75,3482.93,3,1,5.0,2,One year,DSL,Electronic check,Yes,0
CUST-00099,54,70,123.68,9338.97,3,0,7.0,3,One year,Fiber optic,Bank transfer,Yes,0
CUST-00100,25,28,124.57,3790.85,3,1,3.0,2,Month-to-month,Fiber optic,Mailed check,Yes,1
CUST-00101,65,63,65.23,4171.88,0,0,4.0,3,Two year,Fiber optic,Electronic check,Yes,0
CUST-00102,29,15,93.41,1332.06,3,0,9.0,1,Month-to-month,Fiber optic,Bank transfer,No,1
CUST-00103,63,56,70.24,3482.95,4,1,7.0,4,One year,Fiber optic,Mailed check,Yes,0
CUST-00104,18,41,102.88,4333.89,0,2,3.0,1,Two year,DSL,Mailed check,Yes,0
CUST-00105,63,55,23.47,1391.68,1,3,1.0,1,Month-to-month,No,Mailed check,Yes,0
CUST-00106,62,55,35.86,1948.89,2,0,9.0,2,Month-to-month,No,Mailed check,No,0
CUST-00107,62,38,87.56,3059.53,2,3,1.0,3,Month-to-month,DSL,Mailed check,Yes,1
CUST-00108,55,18,45.58,778.71,3,1,1.0,1,Month-to-month,Fiber optic,Bank transfer,Yes,1
CUST-00109,44,38,93.27,3552.76,2,2,4.0,1,Month-to-month,DSL,Bank transfer,Yes,1
CUST-00110,58,60,58.63,3802.05,3,0,10.0,4,Month-to-month,No,Bank transfer,Yes,0
CUST-00111,33,70,117.53,7578.98,1,1,7.0,4,Month-to-month,Fiber optic,Electronic check,No,0
CUST-00112,62,67,110.12,7576.63,2,0,1.0,4,One year,Fiber optic,Electronic check,Yes,0
CUST-00113,49,13,74.21,1023.39,1,1,10.0,1,Month-to-month,No,Mailed check,Yes,0
CUST-00114,44,43,105.02,4988.45,1,1,10.0,3,One year,Fiber optic,Electronic check,Yes,0
CUST-00115,46,7,49.83,316.72,0,0,7.0,3,Month-to-month,DSL,Credit card,Yes,0
CUST-00116,50,48,74.37,3935.07,1,0,1.0,2,Month-to-month,Fiber optic,Electronic check,No,1
CUST-00117,20,72,41.72,3076.99,1,1,1.0,1,Month-to-month,Fiber optic,Credit card,Yes,0
CUST-00118,25,3,114.7,366.13,5,1,9.0,4,Two year,DSL,Bank transfer,Yes,0
CUST-00119,31,47,110.54,4638.99,2,0,9.0,4,Month-to-month,Fiber optic,Electronic check,Yes,0
CUST-00120,24,69,119.24,8239.7,1,1,9.0,1,One year,Fiber optic,Bank transfer,Yes,0
CUST-00121,43,61,116.52,7316.91,2,1,5.0,3,Two year,Fiber optic,Credit card,Yes,0
CUST-00122,56,28,125.56,,2,0,6.0,4,One year,No,Mailed check,No,0
CUST-00123,55,7,45.12,310.66,1,0,2.0,3,Month-to-month,Fiber optic,Bank transfer,Yes,1
CUST-00124,44,67,122.5,8314.46,2,0,1.0,1,Month-to-month,Fiber optic,Bank transfer,Yes,1
CUST-00125,66,67,82.83,5619.6,2,1,3.0,3,One year,Fiber optic,Credit card,Yes,0
CUST-00126,50,42,66.47,2484.78,4,0,7.0,4,One year,DSL,Bank transfer,No,0
CUST-00127,22,71,81.64,5712.25,3,1,5.0,2,One year,DSL,Electronic check,Yes,0
CUST-00128,61,0,57.69,53.73,2,1,7.0,1,One year,No,Electronic check,Yes,0
CUST-00129,50,45,51.74,2561.15,4,0,5.0,2,Month-to-month,Fiber optic,Bank transfer,Yes,0
CUST-00130,54,2,46.54,103.73,3,0,6.0,4,One year,Fiber optic,Bank transfer,Yes,0
CUST-00131,50,68,29.07,1881.71,3,1,10.0,3,One year,DSL,Electronic check,Yes,0
CUST-00132,49,49,74.62,3371.35,1,2,7.0,1,Two year,DSL,Mailed check,No,0
CUST-00133,23,66,117.65,7242.17,0,1,10.0,3,One year,DSL,Bank transfer,Yes,0
CUST-00134,49,41,89.32,3642.57,3,0,10.0,4,Month-to-month,Fiber optic,Credit card,No,0
CUST-00135,63,6,77.31,505.55,1,1,7.0,1,One year,Fiber optic,Electronic check,Yes,0
CUST-00136,35,1,67.15,67.15,1,2,10.0,3,One year,DSL,Bank transfer,No,0
CUST-00137,52,24,71.08,1523.89,1,0,3.0,1,Month-to-month,Fiber optic,Bank transfer,Yes,1
CUST-00138,19,54,43.02,2066.55,1,1,6.0,1,Month-to-month,No,Credit card,Yes,0
CUST-00139,37,11,110.52,1136.18,3,0,1.0,2,Month-to-month,No,Mailed check,No,1
CUST-00140,42,62,41.82,2806.14,2,0,1.0,4,Month-to-month,No,Bank transfer,Yes,0
CUST-00141,74,17,98.83,1729.09,3,0,2.0,3,One year,Fiber optic,Bank transfer,Yes,1
CUST-00142,30,36,103.6,3785.95,1,1,2.0,1,Month-to-month,Fiber optic,Mailed check,No,1
CUST-00143,33,14,83.24,1114.73,3,0,5.0,1,One year,Fiber optic,Bank transfer,No,0
CUST-00144,41,34,114.92,4309.97,0,3,8.0,3,Month-to-month,DSL,Bank transfer,No,1
CUST-00145,74,33,52.02,1647.11,2,0,10.0,2,Two year,No,Electronic check,Yes,0
CUST-00146,66,0,116.98,126.38,2,0,10.0,2,One year,Fiber optic,Credit card,Yes,0
CUST-00147,19,41,100.24,4500.34,3,1,2.0,2,One year,Fiber optic,Electronic check,Yes,1
CUST-00148,31,57,107.86,6123.43,0,1,5.0,4,Month-to-month,DSL,Electronic check,Yes,0
CUST-00149,64,68,93.1,6929.88,1,2,5.0,3,Two year,DSL,Bank transfer,Yes,0
CUST-00150,21,24,113.1,2569.0,1,0,1.0,4,Month-to-month,No,Bank transfer,No,1
CUST-00151,66,64,129.24,8585.87,6,3,1.0,1,One year,DSL,Electronic check,No,1
CUST-00152,34,64,66.22,3818.98,7,0,4.0,2,Month-to-month,DSL,Credit card,Yes,0
CUST-00153,70,72,109.53,7836.83,3,0,9.0,3,Month-to-month,Fiber optic,Mailed check,Yes,0
CUST-00154,34,27,101.9,2564.65,1,0,4.0,4,One year,Fiber optic,Electronic check,Yes,0
CUST-00155,42,62,69.82,3874.59,1,1,4.0,3,Month-to-month,DSL,Bank transfer,Yes,0
CUST-00156,55,41,121.96,4404.79,2,0,10.0,4,Month-to-month,DSL,Credit card,No,0
CUST-00157,25,4,63.39,242.9,3,1,4.0,4,Month-to-month,Fiber optic,Bank transfer,Yes,1
CUST-00158,49,19,82.2,1595.36,7,1,7.0,3,Month-to-month,No,Credit card,Yes,1
CUST-00159,46,49,31.65,1534.19,2,0,10.0,2,Two year,Fiber optic,Bank transfer,No,0
CUST-00160,62,11,44.84,469.77,3,0,2.0,2,One year,Fiber optic,Electronic check,No,0
CUST-00161,74,31,112.48,3897.94,2,2,6.0,3,Month-to-month,DSL,Mailed check,Yes,1
CUST-00162,55,56,63.62,3938.54,2,1,4.0,2,One year,Fiber optic,Mailed check,Yes,0
CUST-00163,41,10,63.35,576.58,4,0,2.0,1,One year,Fiber optic,Bank transfer,Yes,1
CUST-00164,41,36,47.06,1659.64,3,1,1.0,1,One year,No,Electronic check,Yes,0
CUST-00165,41,15,74.08,1150.9,0,2,7.0,4,One year,Fiber optic,Electronic check,Yes,0
CUST-00166,64,39,108.64,4474.39,3,1,7.0,2,Month-to-month,DSL,Mailed check,Yes,1
CUST-00167,36,17,118.47,1949.4,2,2,6.0,4,Month-to-month,DSL,Mailed check,No,1
CUST-00168,27,70,27.71,2054.35,3,1,,1,One year,No,Bank transfer,Yes,0
CUST-00169,37,5,83.23,378.61,4,3,8.0,4,One year,DSL,Mailed check,Yes,1
CUST-00170,19,70,71.4,4796.26,6,1,1.0,4,One year,Fiber optic,Electronic check,No,0
CUST-00171,24,57,87.57,5250.77,3,0,1.0,2,Month-to-month,Fiber optic,Bank transfer,Yes,1
CUST-00172,23,62,69.2,4419.82,3,1,4.0,3,Two year,DSL,Electronic check,Yes,0
CUST-00173,61,62,63.85,4279.08,1,0,6.0,4,Month-to-month,Fiber optic,Credit card,Yes,0
CUST-00174,59,13,71.91,833.16,2,0,10.0,3,One year,Fiber optic,Credit card,Yes,0
CUST-00175,57,67,84.02,5189.43,2,2,10.0,4,Month-to-month,No,Mailed check,Yes,0
CUST-00176,44,43,75.11,2879.75,2,0,9.0,1,One year,DSL,Mailed check,Yes,0
CUST-00177,58,70,71.94,4663.69,3,1,3.0,1,Two year,DSL,Credit card,Yes,0
CUST-00178,27,64,109.96,6200.18,1,3,6.0,1,Month-to-month,DSL,Credit card,No,1
CUST-00179,69,42,102.02,4289.17,1,2,2.0,2,One year,DSL,Credit card,No,1
CUST-00180,46,27,57.55,1564.41,3,1,5.0,4,One year,Fiber optic,Bank transfer,Yes,0
CUST-00181,71,8,108.06,897.24,0,2,1.0,4,Month-to-month,Fiber optic,Credit card,No,1
CUST-00182,26,7,113.9,775.28,1,0,10.0,3,Month-to-month,DSL,Electronic check,Yes,1
CUST-00183,46,28,36.88,909.52,2,0,5.0,2,One year,No,Electronic check,Yes,0
CUST-00184,57,59,84.1,5168.98,1,0,8.0,4,Month-to-month,DSL,Mailed check,Yes,0
CUST-00185,46,36,51.38,1651.82,3,1,2.0,3,Month-to-month,Fiber optic,Bank transfer,Yes,1
CUST-00186,43,35,101.31,3857.46,2,1,10.0,3,Two year,No,Mailed check,Yes,0
CUST-00187,27,17,46.27,696.48,1,2,6.0,1,One year,Fiber optic,Electronic check,No,0
CUST-00188,39,41,93.85,3875.99,3,3,1.0,1,One year,DSL,Bank transfer,Yes,1
CUST-00189,31,46,48.06,2420.3,1,0,4.0,3,One year,No,Bank transfer,Yes,0
CUST-00190,35,71,76.23,5506.49,2,0,3.0,3,Month-to-month,Fiber optic,Mailed check,Yes,0
CUST-00191,56,53,124.35,6762.04,3,0,1.0,2,One year,DSL,Bank transfer,No,1
CUST-00192,53,44,61.94,2844.15,4,2,1.0,3,Month-to-month,DSL,Credit card,Yes,1
CUST-00193,52,66,116.33,6982.01,3,1,8.0,3,Month-to-month,No,Electronic check,No,0
CUST-00194,38,31,128.56,4152.68,5,1,9.0,1,One year,DSL,Credit card,Yes,1
CUST-00195,72,68,116.23,8625.13,1,0,7.0,4,Two year,No,Bank transfer,No,0
CUST-00196,22,27,38.25,1150.29,1,1,7.0,3,Month-to-month,DSL,Credit card,Yes,0
CUST-00197,37,9,110.16,977.89,2,2,1.0,1,Two year,DSL,Credit card,Yes,1
CUST-00198,24,30,23.54,679.85,1,0,2.0,1,One year,No,Electronic check,Yes,0
CUST-00199,37,9,63.26,603.95,3,0,1.0,4,Month-to-month,No,Electronic check,Yes,1
CUST-00200,72,8,115.78,935.77,2,0,10.0,2,Month-to-month,DSL,Electronic check,Yes,1
CUST-00201,38,64,95.76,5771.67,4,0,8.0,1,Month-to-month,DSL,Electronic check,Yes,0
CUST-00202,69,58,78.6,4200.1,3,0,10.0,1,One year,Fiber optic,Credit card,Yes,0
CUST-00203,46,16,62.67,923.36,2,0,10.0,1,Month-to-month,Fiber optic,Bank transfer,Yes,0
CUST-00204,57,61,109.35,6605.0,1,3,3.0,3,Month-to-month,Fiber optic,Mailed check,Yes,1
CUST-00205,44,5,98.05,451.44,4,1,6.0,2,Month-to-month,DSL,Electronic check,No,1
CUST-00206,33,20,71.52,1265.52,4,0,7.0,3,Two year,No,Credit card,No,0
CUST-00207,61,51,118.17,5378.81,0,0,8.0,1,Month-to-month,DSL,Credit card,No,0
CUST-00208,73,22,45.29,1099.18,4,2,7.0,1,Month-to-month,DSL,Electronic check,Yes,1
CUST-00209,33,53,38.74,1842.79,2,2,5.0,2,Month-to-month,DSL,Credit card,Yes,0
CUST-00210,62,63,90.71,5129.33,0,1,1.0,4,Month-to-month,DSL,Electronic check,No,0
CUST-00211,32,4,126.92,501.73,3,0,10.0,3,Month-to-month,Fiber optic,Mailed check,No,1
CUST-00212,58,1,47.2,44.31,4,1,7.0,4,One year,DSL,Bank transfer,No,0
CUST-00213,62,68,47.46,3585.66,4,1,9.0,1,One year,Fiber optic,Mailed check,Yes,0
CUST-00214,43,37,35.34,1436.56,1,1,3.0,2,Month-to-month,Fiber optic,Credit card,Yes,0
CUST-00215,60,36,114.66,4033.39,0,2,2.0,2,Two year,DSL,Bank transfer,No,0
CUST-00216,33,33,44.9,1463.47,3,0,,1,Month-to-month,No,Electronic check,Yes,0
CUST-00217,22,31,75.35,2265.84,2,0,9.0,2,Two year,Fiber optic,Electronic check,Yes,0
CUST-00218,23,50,129.0,5734.62,5,1,9.0,2,Month-to-month,DSL,Electronic check,No,1
CUST-00219,43,42,21.34,851.72,1,0,5.0,2,Two year,DSL,Bank transfer,No,0
CUST-00220,69,11,81.21,812.41,4,1,10.0,1,Two year,Fiber optic,Credit card,Yes,0
CUST-00221,25,45,76.35,3107.87,3,0,3.0,2,Two year,Fiber optic,Bank transfer,Yes,0
CUST-00222,43,48,108.82,5299.66,1,2,8.0,4,Month-to-month,Fiber optic,Electronic check,No,0
CUST-00223,58,8,59.08,427.13,2,0,5.0,1,Month-to-month,Fiber optic,Electronic check,Yes,1
CUST-00224,29,27,65.14,1591.17,1,0,2.0,4,Two year,DSL,Bank transfer,No,0
CUST-00225,59,57,38.47,2182.53,3,1,8.0,3,Month-to-month,No,Electronic check,Yes,0
CUST-00226,35,45,101.49,4503.79,4,1,4.0,1,Month-to-month,DSL,Credit card,Yes,1
CUST-00227,64,9,106.32,873.66,4,0,2.0,2,Month-to-month,DSL,Bank transfer,No,1
CUST-00228,51,2,35.03,61.73,1,0,8.0,3,Month-to-month,Fiber optic,Electronic check,No,0
CUST-00229,49,42,63.28,,1,0,8.0,2,Month-to-month,DSL,Bank transfer,Yes,0
CUST-00230,28,33,118.22,3653.98,1,0,4.0,2,Month-to-month,Fiber optic,Bank transfer,Yes,1
CUST-00231,44,70,20.3,1523.4,3,1,10.0,3,One year,DSL,Electronic check,Yes,0
CUST-00232,66,38,52.86,2208.96,3,0,8.0,1,Month-to-month,Fiber optic,Electronic check,Yes,0
CUST-00233,19,67,81.05,5307.77,1,1,1.0,4,Month-to-month,Fiber optic,Mailed check,No,0
CUST-00234,61,15,56.75,831.85,5,0,4.0,2,Month-to-month,Fiber optic,Bank transfer,Yes,1
CUST-00235,46,32,49.92,1678.9,3,2,10.0,2,Two year,Fiber optic,Credit card,No,0
CUST-00236,59,10,70.6,727.51,3,0,2.0,1,One year,DSL,Mailed check,No,1
CUST-00237,55,41,39.97,1514.54,3,0,10.0,4,One year,No,Electronic check,Yes,0
CUST-00238,42,13,78.26,921.59,2,1,6.0,1,One year,Fiber optic,Credit card,Yes,0
CUST-00239,35,35,97.74,3369.68,1,2,7.0,4,One year,Fiber optic,Mailed check,No,0
CUST-00240,53,25,83.28,2114.39,1,1,7.0,2,Month-to-month,DSL,Electronic check,Yes,0
CUST-00241,25,13,30.24,359.03,2,0,6.0,1,One year,DSL,Bank transfer,No,0
CUST-00242,51,7,112.88,750.96,3,0,6.0,2,Month-to-month,Fiber optic,Electronic check,Yes,1
CUST-00243,23,37,39.25,1384.61,3,1,6.0,3,One year,Fiber optic,Electronic check,Yes,0
CUST-00244,55,69,104.13,6773.35,0,1,7.0,2,Month-to-month,No,Bank transfer,Yes,0
CUST-00245,53,14,59.66,827.37,2,0,8.0,4,Two year,No,Electronic check,Yes,0
CUST-00246,22,29,106.1,3189.93,1,1,5.0,3,Month-to-month,Fiber optic,Mailed check,No,1
CUST-00247,61,16,42.69,684.58,1,0,5.0,4,Month-to-month,Fiber optic,Electronic check,Yes,0
CUST-00248,41,59,40.53,2219.93,5,1,8.0,2,One year,Fiber optic,Credit card,Yes,0
CUST-00249,62,30,74.67,2026.63,0,1,8.0,1,Month-to-month,DSL,Electronic check,Yes,1
CUST-00250,20,71,23.62,1806.57,1,0,7.0,2,Month-to-month,Fiber optic,Credit card,Yes,0
CUST-00251,28,17,44.78,757.48,4,1,5.0,3,Two year,Fiber optic,Credit card,No,0
CUST-00252,46,5,99.64,445.85,0,0,6.0,2,One year,DSL,Electronic check,No,0
CUST-00253,28,42,112.11,4435.28,1,0,6.0,4,One year,DSL,Bank transfer,Yes,0
CUST-00254,36,47,28.89,1456.91,4,1,5.0,4,Month-to-month,Fiber optic,Mailed check,No,0
CUST-00255,55,72,117.03,8935.22,2,0,2.0,1,Month-to-month,Fiber optic,Credit card,Yes,1
CUST-00256,26,63,107.73,7399.15,1,0,6.0,1,Month-to-month,DSL,Mailed check,Yes,0
CUST-00257,56,64,115.67,7584.26,2,0,5.0,2,One year,DSL,Bank transfer,Yes,0
CUST-00258,23,46,96.83,4371.77,1,1,1.0,3,One year,DSL,Electronic check,No,0
CUST-00259,27,26,94.16,2405.05,2,1,10.0,1,Month-to-month,No,Bank transfer,Yes,0
CUST-00260,51,31,77.76,2233.53,4,2,7.0,1,Month-to-month,No,Bank transfer,No,1
CUST-00261,63,9,91.81,856.19,1,1,2.0,2,Month-to-month,No,Mailed check,Yes,1
CUST-00262,27,31,121.1,3830.75,0,1,3.0,2,Month-to-month,No,Bank transfer,Yes,1
CUST-00263,35,26,31.06,740.67,0,0,6.0,4,Month-to-month,DSL,Credit card,Yes,0
CUST-00264,70,2,54.73,119.59,4,0,9.0,3,Month-to-month,DSL,Credit card,Yes,0
CUST-00265,74,14,27.97,379.22,2,0,5.0,4,Month-to-month,Fiber optic,Bank transfer,Yes,0
CUST-00266,51,39,123.93,4310.97,2,2,9.0,4,Month-to-month,Fiber optic,Bank transfer,No,1
CUST-00267,43,26,68.98,1719.39,3,1,2.0,2,Month-to-month,Fiber optic,Mailed check,Yes,1
CUST-00268,37,72,94.29,7391.5,2,0,6.0,4,Month-to-month,DSL,Electronic check,Yes,0
CUST-00269,52,34,112.52,4208.51,1,0,9.0,4,Two year,No,Bank transfer,No,0
CUST-00270,51,69,129.01,8881.18,2,1,9.0,2,Month-to-month,DSL,Credit card,Yes,0
CUST-00271,34,48,37.8,2013.12,3,1,3.0,4,Month-to-month,Fiber optic,Electronic check,No,0
CUST-00272,19,2,107.95,235.34,3,0,7.0,2,Month-to-month,No,Credit card,Yes,1
CUST-00273,26,14,117.62,1775.21,1,1,1.0,1,Month-to-month,Fiber optic,Mailed check,No,1
CUST-00274,72,51,25.38,1406.12,1,1,2.0,4,Month-to-month,Fiber optic,Bank transfer,Yes,0
CUST-00275,41,39,102.95,3901.22,3,2,10.0,4,Month-to-month,Fiber optic,Credit card,Yes,1
CUST-00276,45,22,59.02,1378.36,3,4,8.0,1,Month-to-month,Fiber optic,Bank transfer,Yes,1
CUST-00277,44,38,91.35,,1,1,3.0,4,Two year,No,Credit card,Yes,0
CUST-00278,62,65,76.55,5238.09,5,1,10.0,3,Two year,Fiber optic,Electronic check,Yes,0
CUST-00279,21,28,48.57,1254.79,1,0,10.0,3,Month-to-month,Fiber optic,Credit card,Yes,0
CUST-00280,22,3,34.87,110.42,4,0,1.0,4,Month-to-month,No,Bank transfer,Yes,1
CUST-00281,33,22,32.86,802.31,5,1,1.0,1,Two year,Fiber optic,Electronic check,Yes,1
CUST-00282,45,68,31.37,2032.13,0,0,3.0,2,Month-to-month,Fiber optic,Mailed check,No,0
CUST-00283,56,55,90.16,5537.39,4,1,8.0,2,Two year,Fiber optic,Electronic check,Yes,0
CUST-00284,45,61,58.66,3473.81,4,1,6.0,3,One year,DSL,Credit card,Yes,0
CUST-00285,43,66,43.83,2684.31,2,0,6.0,1,Month-to-month,Fiber optic,Mailed check,Yes,0
CUST-00286,71,8,96.11,697.33,2,0,5.0,1,Month-to-month,No,Mailed check,Yes,1
CUST-00287,27,20,95.55,2041.69,0,2,5.0,3,Month-to-month,DSL,Credit card,No,1
CUST-00288,50,4,79.31,321.41,6,0,7.0,1,Two year,DSL,Credit card,No,0
CUST-00289,48,0,122.85,117.16,2,3,1.0,2,Month-to-month,DSL,Credit card,Yes,1
CUST-00290,44,60,62.4,3841.45,3,2,6.0,4,One year,Fiber optic,Mailed check,Yes,0
CUST-00291,64,68,111.94,7305.19,2,3,3.0,4,Month-to-month,DSL,Mailed check,Yes,1
CUST-00292,33,11,28.27,307.12,2,0,8.0,1,Two year,Fiber optic,Bank transfer,No,0
CUST-00293,72,52,101.38,5730.61,2,1,2.0,4,One year,DSL,Bank transfer,No,0
CUST-00294,36,39,128.73,5223.1,0,1,1.0,2,Month-to-month,DSL,Electronic check,Yes,1
CUST-00295,49,5,113.13,601.27,7,0,5.0,1,Month-to-month,DSL,Mailed check,No,1
CUST-00296,47,66,83.76,5638.94,3,1,5.0,3,Month-to-month,DSL,Mailed check,Yes,0
CUST-00297,66,63,88.94,6264.04,2,1,6.0,2,Two year,No,Credit card,Yes,0
CUST-00298,43,41,58.86,2263.49,2,0,9.0,2,One year,No,Credit card,Yes,0
CUST-00299,34,51,94.74,4556.09,1,0,7.0,2,Month-to-month,Fiber optic,Electronic check,Yes,0
CUST-00300,19,28,104.74,2645.94,2,0,4.0,1,Two year,No,Mailed check,Yes,0
CUST-00301,38,57,129.81,7495.1,1,0,8.0,2,Month-to-month,DSL,Electronic check,Yes,1
CUST-00302,65,32,74.17,2438.01,2,0,6.0,1,Month-to-month,No,Credit card,Yes,0
CUST-00303,18,72,26.74,2029.69,3,1,3.0,4,Two year,Fiber optic,Bank transfer,Yes,0
CUST-00304,69,4,85.54,328.65,3,0,1.0,2,Month-to-month,Fiber optic,Bank transfer,Yes,1
CUST-00305,48,12,33.09,350.6,4,0,1.0,3,Two year,Fiber optic,Electronic check,Yes,0
CUST-00306,25,70,46.92,3388.63,2,0,3.0,2,Month-to-month,DSL,Electronic check,No,0
CUST-00307,35,21,56.17,1320.75,0,0,9.0,4,One year,DSL,Bank transfer,Yes,0
CUST-00308,49,22,100.41,2100.1,2,0,5.0,4,Month-to-month,DSL,Bank transfer,Yes,1
CUST-00309,35,57,40.22,2118.64,2,1,5.0,3,Month-to-month,Fiber optic,Mailed check,Yes,0
CUST-00310,24,13,38.23,470.96,3,2,4.0,2,Month-to-month,Fiber optic,Credit card,Yes,1
CUST-00311,55,37,24.95,906.63,3,0,3.0,2,One year,No,Electronic check,Yes,0
CUST-00312,56,20,116.06,2182.44,2,0,8.0,4,Month-to-month,DSL,Mailed check,Yes,1
CUST-00313,24,14,96.29,1298.55,1,1,1.0,4,Month-to-month,Fiber optic,Credit card,Yes,1
CUST-00314,34,70,24.39,1763.93,3,0,7.0,2,Month-to-month,Fiber optic,Mailed check,Yes,0
CUST-00315,31,14,23.11,311.51,2,1,10.0,2,Month-to-month,DSL,Mailed check,No,0
CUST-00316,55,6,81.45,476.51,3,0,9.0,2,One year,DSL,Credit card,Yes,0
CUST-00317,59,49,51.08,2226.62,0,1,4.0,4,One year,Fiber optic,Electronic check,Yes,0
CUST-00318,59,63,85.64,5936.5,3,0,9.0,4,One year,Fiber optic,Bank transfer,Yes,0
CUST-00319,71,9,67.81,596.65,1,0,3.0,4,Month-to-month,DSL,Credit card,No,1
CUST-00320,61,51,121.56,5943.86,1,0,3.0,4,Month-to-month,DSL,Electronic check,No,0
CUST-00321,36,39,51.66,1814.79,1,2,4.0,2,Month-to-month,DSL,Mailed check,No,0
CUST-00322,24,60,94.71,5865.6,2,0,1.0,2,Month-to-month,No,Bank transfer,No,0
CUST-00323,53,9,25.95,253.94,4,0,3.0,4,Two year,No,Credit card,Yes,0
CUST-00324,70,71,125.14,7906.5,5,1,9.0,2,Month-to-month,DSL,Mailed check,Yes,1
CUST-00325,73,45,127.88,5264.68,4,0,8.0,1,Two year,Fiber optic,Mailed check,No,1
CUST-00326,31,61,101.3,5654.88,2,3,4.0,4,Month-to-month,No,Credit card,Yes,1
CUST-00327,31,26,71.17,1895.84,3,1,4.0,2,One year,DSL,Bank transfer,No,0
CUST-00328,20,68,44.2,3309.45,5,1,4.0,1,One year,DSL,Credit card,Yes,0
CUST-00329,26,45,109.38,4848.59,2,0,2.0,4,One year,DSL,Credit card,Yes,0
CUST-00330,49,9,101.0,874.92,2,0,2.0,2,One year,DSL,Mailed check,Yes,1
CUST-00331,49,67,44.41,3165.31,3,3,10.0,2,Month-to-month,No,Electronic check,Yes,0
CUST-00332,39,58,69.63,4273.65,2,1,7.0,3,One year,No,Electronic check,Yes,0
CUST-00333,35,21,70.91,1398.6,3,0,7.0,2,Month-to-month,Fiber optic,Electronic check,Yes,0
CUST-00334,65,39,110.91,3973.39,0,1,3.0,4,Month-to-month,DSL,Mailed check,Yes,1
CUST-00335,44,28,95.22,2575.18,2,1,9.0,3,Month-to-month,No,Credit card,Yes,0
CUST-00336,64,39,90.75,3773.35,4,0,2.0,3,Month-to-month,DSL,Credit card,No,1
CUST-00337,72,70,91.48,6703.39,1,0,10.0,1,Two year,DSL,Electronic check,No,0
CUST-00338,36,65,49.75,3362.47,3,0,6.0,2,Month-to-month,DSL,Electronic check,No,0
CUST-00339,29,15,60.89,985.56,2,1,4.0,2,Month-to-month,No,Credit card,Yes,1
CUST-00340,72,70,25.02,1657.72,1,0,8.0,4,Month-to-month,Fiber optic,Credit card,Yes,0
CUST-00341,54,31,106.56,3176.26,2,0,5.0,4,One year,Fiber optic,Bank transfer,Yes,0
CUST-00342,34,51,67.63,3070.28,1,2,3.0,1,One year,Fiber optic,Electronic check,Yes,0
CUST-00343,53,55,68.21,4083.56,2,0,7.0,3,Two year,DSL,Bank transfer,Yes,0
CUST-00344,47,35,46.99,1677.19,3,2,8.0,4,One year,Fiber optic,Credit card,No,0
CUST-00345,69,33,43.04,1351.5,2,0,7.0,3,Month-to-month,No,Electronic check,Yes,0
CUST-00346,32,33,84.66,2505.07,3,2,5.0,1,Month-to-month,No,Bank transfer,Yes,1
CUST-00347,74,62,45.58,2977.48,2,0,4.0,1,Month-to-month,Fiber optic,Credit card,Yes,0
CUST-00348,71,28,27.06,802.91,1,0,5.0,3,One year,DSL,Electronic check,Yes,0
CUST-00349,28,20,104.43,2171.9,2,0,9.0,3,Two year,No,Electronic check,Yes,0
CUST-00350,27,26,61.41,1483.15,1,0,4.0,3,Month-to-month,Fiber optic,Credit card,No,0
CUST-00351,48,14,61.83,951.47,2,0,10.0,2,Month-to-month,DSL,Electronic check,No,0
CUST-00352,20,28,67.45,2003.35,1,0,2.0,2,One year,DSL,Bank transfer,No,0
CUST-00353,35,8,109.65,910.41,2,0,2.0,2,One year,DSL,Credit card,No,1
CUST-00354,42,6,55.29,343.76,2,0,4.0,3,One year,Fiber optic,Electronic check,Yes,0
CUST-00355,73,52,103.38,5897.46,3,0,1.0,2,Month-to-month,Fiber optic,Credit card,No,1
CUST-00356,74,5,123.35,680.15,1,1,9.0,4,Month-to-month,DSL,Mailed check,No,1
CUST-00357,26,41,92.7,3887.94,3,3,4.0,1,Month-to-month,DSL,Mailed check,Yes,1
CUST-00358,68,56,67.48,3703.3,3,0,2.0,2,Month-to-month,Fiber optic,Bank transfer,No,0
CUST-00359,23,52,102.26,5143.62,4,1,7.0,1,One year,Fiber optic,Bank transfer,No,0
CUST-00360,60,32,70.37,2424.28,0,0,10.0,1,Month-to-month,DSL,Credit card,Yes,0
CUST-00361,66,14,65.59,950.13,2,0,10.0,2,Month-to-month,DSL,Credit card,Yes,0
CUST-00362,68,67,77.78,4682.55,1,1,2.0,1,Two year,No,Credit card,Yes,0
CUST-00363,30,60,54.95,3013.87,4,0,8.0,2,Month-to-month,No,Bank transfer,No,0
CUST-00364,68,44,31.47,1517.67,3,2,4.0,3,Month-to-month,Fiber optic,Electronic check,No,0
CUST-00365,24,6,65.63,430.12,1,0,9.0,2,Two year,Fiber optic,Electronic check,Yes,0
CUST-00366,47,2,33.62,74.53,1,0,7.0,3,Month-to-month,No,Mailed check,Yes,0
CUST-00367,44,23,65.15,1472.5,3,2,8.0,2,One year,DSL,Bank transfer,Yes,0
CUST-00368,36,11,81.26,954.8,0,1,9.0,2,Month-to-month,No,Bank transfer,Yes,0
CUST-00369,19,62,122.38,8185.26,2,3,9.0,4,Two year,Fiber optic,Credit card,No,0
CUST-00370,62,15,23.98,343.79,1,0,2.0,1,Month-to-month,Fiber optic,Electronic check,Yes,1
CUST-00371,37,20,88.36,1616.78,1,0,8.0,3,Month-to-month,Fiber optic,Bank transfer,Yes,0
CUST-00372,55,71,70.35,5590.67,2,0,2.0,3,Two year,DSL,Bank transfer,Yes,0
CUST-00373,41,59,22.23,1163.69,2,1,10.0,2,One year,Fiber optic,Electronic check,Yes,0
CUST-00374,39,15,47.45,728.38,0,1,7.0,2,Month-to-month,Fiber optic,Credit card,No,0
CUST-00375,68,27,33.03,923.96,0,0,2.0,3,Month-to-month,DSL,Electronic check,Yes,0
CUST-00376,23,37,43.85,1693.24,2,0,3.0,1,Month-to-month,Fiber optic,Electronic check,Yes,1
CUST-00377,59,48,50.2,2268.28,2,2,9.0,2,Month-to-month,No,Credit card,No,0
CUST-00378,60,68,64.14,4593.46,0,1,,2,Month-to-month,No,Bank transfer,Yes,0
CUST-00379,39,63,78.19,4590.69,1,0,3.0,1,Month-to-month,Fiber optic,Credit card,Yes,1
CUST-00380,32,71,20.11,1540.56,1,0,9.0,3,Two year,DSL,Credit card,Yes,0
CUST-00381,18,2,37.81,70.52,4,0,8.0,3,One year,DSL,Electronic check,No,0
CUST-00382,71,17,30.29,539.24,3,0,1.0,4,Two year,DSL,Credit card,Yes,0
CUST-00383,72,41,80.46,3523.25,1,1,3.0,3,Month-to-month,No,Electronic check,Yes,0
CUST-00384,31,3,56.2,156.01,2,1,9.0,3,Month-to-month,Fiber optic,Bank transfer,Yes,0
CUST-00385,19,25,80.32,1881.73,3,2,4.0,3,One year,No,Credit card,No,0
CUST-00386,24,11,44.4,521.12,2,1,1.0,1,Month-to-month,DSL,Bank transfer,Yes,1
CUST-00387,21,68,22.67,1388.39,2,1,7.0,2,Month-to-month,No,Bank transfer,No,0
CUST-00388,65,4,123.55,457.52,4,0,9.0,4,Two year,No,Electronic check,No,0
CUST-00389,68,10,31.91,315.69,4,0,6.0,1,One year,Fiber optic,Bank transfer,No,0
CUST-00390,26,14,33.95,524.37,1,1,10.0,2,Month-to-month,No,Bank transfer,Yes,0
CUST-00391,60,10,36.12,366.56,1,1,2.0,1,Month-to-month,Fiber optic,Mailed check,Yes,0
CUST-00392,28,41,127.94,5104.13,1,1,7.0,4,Month-to-month,DSL,Credit card,No,0
CUST-00393,38,26,87.94,,1,0,7.0,2,One year,DSL,Mailed check,No,0
CUST-00394,52,66,87.13,5700.5,2,1,10.0,2,Month-to-month,DSL,Bank transfer,No,0
CUST-00395,59,19,128.54,2403.42,4,1,6.0,4,Two year,DSL,Mailed check,No,1
CUST-00396,67,39,29.73,1134.88,0,0,9.0,4,Month-to-month,Fiber optic,Bank transfer,Yes,0
CUST-00397,20,48,127.2,5830.38,4,2,2.0,1,Month-to-month,DSL,Bank transfer,Yes,1
CUST-00398,29,45,42.44,1829.91,3,1,1.0,4,One year,DSL,Bank transfer,No,0
CUST-00399,33,58,88.54,5366.82,1,1,8.0,3,Two year,DSL,Credit card,Yes,0
CUST-00400,35,14,66.21,824.79,3,0,1.0,4,Two year,Fiber optic,Credit card,No,0
CUST-00401,74,37,62.23,2402.98,3,1,9.0,1,Month-to-month,No,Electronic check,No,0
CUST-00402,62,58,122.44,6592.26,4,1,1.0,1,Month-to-month,Fiber optic,Credit card,Yes,1
CUST-00403,36,63,36.42,2230.7,3,0,7.0,2,One year,Fiber optic,Mailed check,Yes,0
CUST-00404,73,45,129.68,5340.56,1,2,5.0,4,Two year,No,Bank transfer,No,0
CUST-00405,46,47,61.7,2936.61,1,1,7.0,2,Two year,Fiber optic,Credit card,No,0
CUST-00406,46,63,91.37,6073.16,2,0,7.0,3,Month-to-month,Fiber optic,Credit card,Yes,0
CUST-00407,42,45,126.47,5492.63,0,0,5.0,1,One year,Fiber optic,Mailed check,Yes,0
CUST-00408,26,69,26.34,1670.65,8,1,5.0,2,Month-to-month,No,Credit card,No,0
CUST-00409,71,9,121.52,1021.89,5,0,6.0,4,Month-to-month,DSL,Bank transfer,No,1
CUST-00410,18,25,82.46,2218.89,6,1,7.0,2,Month-to-month,Fiber optic,Electronic check,No,1
CUST-00411,27,8,97.48,736.35,1,1,8.0,4,Month-to-month,Fiber optic,Mailed check,Yes,0
CUST-00412,31,6,36.41,232.86,1,0,5.0,3,Month-to-month,DSL,Bank transfer,Yes,0
CUST-00413,33,34,78.67,2566.42,2,0,4.0,1,Month-to-month,Fiber optic,Mailed check,Yes,1
CUST-00414,25,16,94.09,1392.98,2,0,1.0,4,One year,No,Electronic check,No,1
CUST-00415,19,29,70.19,2146.56,2,1,8.0,4,One year,No,Bank transfer,Yes,0
CUST-00416,56,31,37.05,1139.88,1,2,3.0,4,Month-to-month,No,Mailed check,Yes,0
CUST-00417,73,45,46.85,1871.09,6,2,5.0,2,One year,Fiber optic,Electronic check,Yes,1
CUST-00418,24,69,113.98,8732.77,1,1,10.0,2,Month-to-month,Fiber optic,Bank transfer,Yes,0
CUST-00419,34,62,23.79,1350.29,2,1,8.0,2,Month-to-month,No,Mailed check,Yes,0
CUST-00420,46,27,97.97,2552.13,3,4,4.0,3,Two year,DSL,Bank transfer,No,1
CUST-00421,70,23,129.93,2905.76,1,1,5.0,2,Month-to-month,DSL,Mailed check,Yes,1
CUST-00422,57,56,20.82,1162.96,2,0,4.0,1,Month-to-month,Fiber optic,Credit card,Yes,0
CUST-00423,61,9,37.72,362.74,1,0,7.0,1,One year,Fiber optic,Mailed check,Yes,0
CUST-00424,51,39,94.16,,2,2,2.0,2,Month-to-month,Fiber optic,Credit card,No,1
CUST-00425,41,30,26.6,880.83,2,2,10.0,4,Month-to-month,No,Electronic check,Yes,0
CUST-00426,29,13,84.88,1142.1,1,0,10.0,4,One year,DSL,Mailed check,Yes,0
CUST-00427,67,45,95.24,4749.33,3,1,3.0,4,One year,No,Bank transfer,Yes,0
CUST-00428,63,23,84.7,2096.49,4,0,3.0,3,Month-to-month,Fiber optic,Bank transfer,No,1
CUST-00429,19,13,60.17,862.53,1,1,6.0,4,Two year,No,Credit card,No,0
CUST-00430,58,47,96.7,4655.07,0,1,7.0,4,Month-to-month,DSL,Bank transfer,Yes,0
CUST-00431,22,12,85.37,989.36,2,0,7.0,4,Month-to-month,Fiber optic,Bank transfer,Yes,0
CUST-00432,60,49,42.84,2070.4,3,0,1.0,3,Month-to-month,Fiber optic,Credit card,Yes,0
CUST-00433,65,11,81.94,935.53,1,1,8.0,1,Month-to-month,Fiber optic,Credit card,No,1
CUST-00434,25,31,117.01,3563.7,1,0,1.0,2,Two year,DSL,Credit card,Yes,0
CUST-00435,42,58,93.35,5715.34,1,0,4.0,4,One year,DSL,Electronic check,No,0
CUST-00436,25,16,71.9,1037.71,3,1,8.0,3,Month-to-month,DSL,Mailed check,No,0
CUST-00437,50,56,55.37,3346.29,2,0,9.0,1,Month-to-month,Fiber optic,Credit card,No,0
CUST-00438,70,52,29.45,1422.68,2,0,7.0,1,Month-to-month,Fiber optic,Credit card,Yes,0
CUST-00439,22,65,46.91,3374.03,3,1,2.0,3,One year,Fiber optic,Mailed check,Yes,0
CUST-00440,40,12,21.23,233.7,2,0,7.0,4,Month-to-month,Fiber optic,Bank transfer,Yes,0
CUST-00441,73,52,128.53,6088.72,3,2,1.0,3,Two year,DSL,Electronic check,No,1
CUST-00442,35,68,44.47,3250.3,1,0,3.0,4,Month-to-month,DSL,Electronic check,No,0
CUST-00443,25,55,109.64,6491.44,2,3,2.0,1,Month-to-month,Fiber optic,Mailed check,Yes,1
CUST-00444,45,13,38.55,529.87,3,2,10.0,4,Two year,Fiber optic,Mailed check,No,0
CUST-00445,46,60,51.2,3411.54,2,2,4.0,1,Two year,Fiber optic,Electronic check,Yes,0
CUST-00446,55,7,66.01,436.62,4,0,6.0,4,Month-to-month,Fiber optic,Credit card,Yes,0
CUST-00447,35,42,55.68,2521.89,2,0,,4,Month-to-month,No,Credit card,Yes,0
CUST-00448,72,36,107.82,3743.69,1,2,10.0,3,Two year,No,Electronic check,No,0
CUST-00449,47,38,125.35,4806.05,3,1,10.0,3,One year,Fiber optic,Mailed check,Yes,0
CUST-00450,34,37,116.28,4246.19,2,1,2.0,2,One year,DSL,Bank transfer,Yes,1
CUST-00451,72,2,36.89,65.03,2,1,4.0,3,One year,DSL,Electronic check,Yes,0
CUST-00452,70,37,105.44,3971.0,4,0,5.0,4,Two year,Fiber optic,Credit card,Yes,0
CUST-00453,46,68,36.27,2612.87,0,0,8.0,2,Month-to-month,Fiber optic,Mailed check,Yes,0
CUST-00454,19,31,120.47,3442.87,2,2,4.0,2,Month-to-month,DSL,Electronic check,Yes,1
CUST-00455,52,20,76.97,1698.88,3,1,3.0,4,Month-to-month,DSL,Credit card,No,1
CUST-00456,49,72,57.0,4133.94,3,0,8.0,4,One year,No,Credit card,No,0
CUST-00457,26,7,37.27,,3,1,5.0,3,Month-to-month,DSL,Credit card,Yes,1
CUST-00458,54,35,21.3,771.61,1,0,8.0,1,Month-to-month,Fiber optic,Credit card,No,0
CUST-00459,65,37,47.27,1619.67,0,1,4.0,4,One year,No,Credit card,No,0
CUST-00460,24,34,120.54,3669.05,5,0,5.0,4,Month-to-month,Fiber optic,Electronic check,No,1
CUST-00461,59,67,107.7,7536.83,3,0,1.0,2,Two year,DSL,Electronic check,Yes,0
CUST-00462,25,30,126.68,3445.32,1,1,1.0,3,Month-to-month,No,Mailed check,No,1
CUST-00463,60,71,31.08,1998.13,2,0,1.0,2,One year,Fiber optic,Bank transfer,Yes,0
CUST-00464,41,4,85.14,360.17,1,2,2.0,4,One year,DSL,Mailed check,Yes,0
CUST-00465,18,53,48.29,2286.15,5,0,4.0,3,Month-to-month,Fiber optic,Bank transfer,No,0
CUST-00466,73,43,79.72,3682.81,2,0,,2,Month-to-month,DSL,Bank transfer,Yes,0
CUST-00467,27,17,55.25,1006.01,0,0,2.0,4,Month-to-month,Fiber optic,Electronic check,No,0
CUST-00468,51,16,51.18,748.4,0,2,9.0,3,One year,No,Bank transfer,Yes,0
CUST-00469,28,52,83.12,4341.31,1,1,9.0,2,One year,Fiber optic,Mailed check,Yes,0
CUST-00470,71,46,40.16,1668.52,2,1,3.0,4,Month-to-month,No,Mailed check,Yes,0
CUST-00471,60,44,71.6,3250.64,3,0,10.0,2,Month-to-month,Fiber optic,Bank transfer,No,0
CUST-00472,63,3,91.59,245.95,6,0,2.0,2,Two year,No,Bank transfer,Yes,1
CUST-00473,42,43,34.1,1622.72,6,1,1.0,2,Month-to-month,Fiber optic,Credit card,No,1
CUST-00474,44,71,122.37,8078.83,0,0,4.0,1,Two year,DSL,Mailed check,No,0
CUST-00475,54,1,75.63,78.95,0,0,3.0,2,Month-to-month,No,Credit card,Yes,1
CUST-00476,62,34,110.15,3411.0,3,0,1.0,1,Month-to-month,No,Electronic check,Yes,1
CUST-00477,66,36,91.93,3078.82,3,1,9.0,3,Month-to-month,Fiber optic,Bank transfer,No,1
CUST-00478,19,65,98.1,6301.44,1,0,10.0,3,Month-to-month,Fiber optic,Credit card,No,0
CUST-00479,55,20,98.77,2010.05,1,0,3.0,4,Two year,DSL,Electronic check,Yes,0
CUST-00480,24,34,116.26,4426.1,2,2,4.0,3,One year,DSL,Credit card,Yes,1
CUST-00481,34,52,87.5,4032.31,0,2,8.0,1,One year,DSL,Mailed check,Yes,0
CUST-00482,65,4,50.6,178.13,1,0,10.0,3,One year,Fiber optic,Bank transfer,No,0
CUST-00483,32,58,30.95,1730.63,2,0,3.0,1,One year,DSL,Credit card,Yes,0
CUST-00484,63,60,86.69,5034.32,7,0,7.0,1,One year,DSL,Credit card,Yes,0
CUST-00485,44,52,27.3,1550.37,5,1,1.0,3,One year,No,Credit card,Yes,0
CUST-00486,31,47,46.54,2403.97,3,1,6.0,1,Two year,Fiber optic,Electronic check,No,0
CUST-00487,37,54,26.68,1572.3,1,0,10.0,2,One year,No,Credit card,Yes,0
CUST-00488,48,57,80.38,4189.3,3,0,5.0,4,Month-to-month,DSL,Electronic check,No,0
CUST-00489,61,65,37.64,2394.99,1,0,7.0,2,Month-to-month,DSL,Credit card,Yes,0
CUST-00490,52,31,87.14,2860.75,1,0,7.0,3,Month-to-month,Fiber optic,Bank transfer,Yes,0
CUST-00491,71,33,107.0,3372.2,2,1,7.0,2,Month-to-month,DSL,Mailed check,Yes,1
CUST-00492,67,46,110.41,5277.84,1,2,7.0,1,Month-to-month,Fiber optic,Electronic check,No,1
CUST-00493,60,14,54.05,708.96,0,1,9.0,1,Month-to-month,No,Mailed check,No,0
CUST-00494,52,62,80.38,4772.36,0,0,1.0,1,Month-to-month,DSL,Electronic check,Yes,1
CUST-00495,34,56,81.93,4984.96,3,0,9.0,1,Two year,Fiber optic,Credit card,Yes,0
CUST-00496,41,46,72.02,3114.55,2,1,10.0,1,One year,Fiber optic,Bank transfer,Yes,0
CUST-00497,24,22,92.06,2251.02,1,2,10.0,4,Month-to-month,DSL,Electronic check,Yes,0
CUST-00498,39,25,43.11,1027.64,2,1,4.0,4,Two year,Fiber optic,Electronic check,No,0
CUST-00499,70,31,127.72,3506.56,3,0,6.0,2,Two year,Fiber optic,Electronic check,Yes,0
CUST-00500,42,48,30.79,1390.98,4,0,4.0,3,Two year,DSL,Electronic check,No,0
CUST-00501,24,56,111.21,5736.32,4,0,9.0,1,Month-to-month,Fiber optic,Bank transfer,Yes,1
CUST-00502,55,49,85.35,4189.0,2,0,5.0,3,Month-to-month,Fiber optic,Electronic check,No,0
CUST-00503,72,67,46.93,2852.05,2,1,4.0,1,Month-to-month,Fiber optic,Mailed check,No,0
CUST-00504,67,70,102.02,7357.44,5,0,7.0,3,One year,No,Mailed check,No,0
CUST-00505,33,51,29.29,1628.19,4,2,1.0,2,One year,Fiber optic,Bank transfer,Yes,0
CUST-00506,43,27,105.19,2746.42,1,1,4.0,4,One year,Fiber optic,Electronic check,No,0
CUST-00507,48,43,84.9,3360.24,3,0,3.0,4,One year,No,Mailed check,No,0
CUST-00508,32,31,32.18,973.64,3,1,4.0,2,Two year,Fiber optic,Credit card,Yes,0
CUST-00509,33,45,28.75,1382.54,1,0,5.0,1,One year,DSL,Electronic check,No,0
CUST-00510,31,59,102.59,6185.71,3,2,1.0,2,Two year,DSL,Electronic check,No,1
CUST-00511,74,26,52.22,1227.75,2,0,9.0,2,Two year,DSL,Credit card,Yes,0
CUST-00512,60,36,117.82,4279.38,1,1,5.0,2,Month-to-month,DSL,Electronic check,Yes,1
CUST-00513,65,3,103.83,309.1,2,0,4.0,3,Two year,Fiber optic,Credit card,Yes,1
CUST-00514,64,53,96.8,4917.52,4,0,2.0,4,Month-to-month,DSL,Bank transfer,Yes,1
CUST-00515,72,35,50.65,1606.89,1,0,10.0,1,Month-to-month,No,Mailed check,No,0
CUST-00516,24,33,97.98,3606.68,3,0,9.0,3,Two year,Fiber optic,Bank transfer,No,0
CUST-00517,68,38,124.3,4356.16,3,1,5.0,1,Month-to-month,DSL,Bank transfer,Yes,1
CUST-00518,21,15,30.07,417.79,1,2,4.0,3,Month-to-month,No,Credit card,Yes,0
CUST-00519,45,43,55.88,2198.45,2,1,5.0,3,Two year,Fiber optic,Mailed check,Yes,0
CUST-00520,51,54,45.81,2515.41,3,1,10.0,4,Month-to-month,DSL,Credit card,Yes,0
CUST-00521,38,25,63.26,1560.12,2,0,3.0,3,Month-to-month,DSL,Credit card,No,0
CUST-00522,26,9,101.66,859.95,1,0,7.0,1,Month-to-month,Fiber optic,Bank transfer,Yes,1
CUST-00523,28,28,72.17,1986.53,6,1,10.0,4,Month-to-month,Fiber optic,Bank transfer,Yes,1
CUST-00524,65,14,82.78,1207.18,2,1,8.0,2,Month-to-month,Fiber optic,Electronic check,Yes,1
CUST-00525,36,27,54.56,1395.94,2,1,9.0,2,Month-to-month,No,Bank transfer,No,0
CUST-00526,35,45,35.54,1758.68,1,0,10.0,3,Two year,Fiber optic,Mailed check,Yes,0
CUST-00527,70,8,49.36,376.53,1,0,1.0,2,Month-to-month,No,Electronic check,Yes,1
CUST-00528,26,54,114.56,5738.13,1,0,3.0,4,One year,Fiber optic,Electronic check,No,0
CUST-00529,70,16,86.27,1530.91,3,2,2.0,1,Month-to-month,Fiber optic,Credit card,No,1
CUST-00530,70,65,61.58,4301.04,3,0,6.0,1,Month-to-month,DSL,Mailed check,No,0
CUST-00531,52,53,106.89,5451.89,3,0,5.0,4,One year,Fiber optic,Mailed check,Yes,0
CUST-00532,27,19,27.09,556.89,0,3,1.0,2,Month-to-month,Fiber optic,Credit card,Yes,1
CUST-00533,26,41,47.93,1974.0,0,0,6.0,4,Month-to-month,Fiber optic,Credit card,Yes,0
CUST-00534,34,8,45.31,349.15,4,0,2.0,4,Month-to-month,Fiber optic,Bank transfer,Yes,1
CUST-00535,50,7,128.39,971.98,2,1,5.0,4,Month-to-month,Fiber optic,Bank transfer,Yes,1
CUST-00536,26,69,97.67,7147.09,1,0,4.0,3,Month-to-month,Fiber optic,Bank transfer,Yes,0
CUST-00537,43,58,87.96,4854.2,5,0,9.0,3,Month-to-month,Fiber optic,Electronic check,Yes,0
CUST-00538,24,11,20.55,231.84,3,3,7.0,3,Month-to-month,Fiber optic,Bank transfer,No,0
CUST-00539,48,20,40.27,780.15,1,0,7.0,3,Month-to-month,No,Electronic check,No,0
CUST-00540,19,14,89.91,1108.01,4,0,9.0,2,Month-to-month,Fiber optic,Credit card,Yes,0
CUST-00541,58,28,61.77,1921.26,0,1,2.0,4,Two year,Fiber optic,Mailed check,Yes,0
CUST-00542,21,21,121.67,2585.5,1,1,3.0,1,Month-to-month,Fiber optic,Mailed check,Yes,1
CUST-00543,29,23,104.12,2451.33,2,2,8.0,2,One year,Fiber optic,Mailed check,Yes,1
CUST-00544,27,38,69.21,2693.03,3,1,8.0,2,One year,No,Bank transfer,Yes,0
CUST-00545,65,13,102.45,1348.04,3,2,1.0,4,Month-to-month,No,Mailed check,No,1
CUST-00546,21,64,127.29,7736.07,3,0,3.0,2,Month-to-month,Fiber optic,Mailed check,No,1
CUST-00547,42,53,70.71,4171.78,2,4,3.0,1,Month-to-month,No,Credit card,No,1
CUST-00548,51,55,90.68,5133.03,2,0,1.0,4,Month-to-month,Fiber optic,Electronic check,Yes,1
CUST-00549,47,12,121.05,1512.19,4,0,7.0,2,Month-to-month,No,Mailed check,No,1
CUST-00550,56,51,47.35,2388.65,4,0,1.0,3,Month-to-month,No,Electronic check,No,0
CUST-00551,63,61,117.52,6803.74,1,1,9.0,4,Two year,Fiber optic,Bank transfer,Yes,0
CUST-00552,40,12,30.73,330.2,5,0,6.0,4,One year,No,Credit card,Yes,0
CUST-00553,65,54,91.33,4754.55,1,0,8.0,2,Month-to-month,Fiber optic,Mailed check,Yes,0
CUST-00554,36,26,106.11,2544.4,3,3,5.0,1,Two year,Fiber optic,Mailed check,Yes,1
CUST-00555,74,57,87.61,5188.03,3,1,10.0,4,Month-to-month,Fiber optic,Mailed check,No,0
CUST-00556,46,34,74.51,2763.77,1,0,3.0,2,Month-to-month,Fiber optic,Bank transfer,No,0
CUST-00557,59,58,87.91,4857.41,0,1,6.0,4,Month-to-month,Fiber optic,Electronic check,No,0
CUST-00558,67,10,36.68,352.09,2,1,1.0,4,Two year,DSL,Mailed check,Yes,0
CUST-00559,63,28,43.71,1273.92,2,0,9.0,2,Month-to-month,Fiber optic,Mailed check,Yes,0
CUST-00560,66,19,49.69,864.64,1,1,6.0,1,One year,Fiber optic,Bank transfer,Yes,0
CUST-00561,48,18,85.76,1702.78,4,0,2.0,2,One year,Fiber optic,Credit card,Yes,1
CUST-00562,20,22,68.61,1460.1,2,0,9.0,1,Month-to-month,DSL,Mailed check,No,0
CUST-00563,46,27,46.89,1144.86,1,0,10.0,2,Month-to-month,DSL,Electronic check,Yes,0
CUST-00564,28,9,117.11,971.7,4,1,1.0,2,Month-to-month,Fiber optic,Mailed check,Yes,1
CUST-00565,68,51,61.13,3441.42,2,1,9.0,3,One year,Fiber optic,Credit card,Yes,0
CUST-00566,31,40,69.06,2594.75,3,1,8.0,1,Month-to-month,DSL,Credit card,No,0
CUST-00567,30,60,65.07,4056.25,0,2,4.0,4,Month-to-month,DSL,Electronic check,Yes,0
CUST-00568,32,51,40.01,1872.13,0,1,7.0,1,Month-to-month,Fiber optic,Credit card,Yes,0
CUST-00569,54,10,100.48,931.03,2,0,8.0,4,One year,DSL,Bank transfer,No,0
CUST-00570,50,5,69.33,378.2,4,1,5.0,2,One year,DSL,Credit card,Yes,1
CUST-00571,72,30,21.79,598.48,2,0,7.0,2,Month-to-month,Fiber optic,Credit card,Yes,0
CUST-00572,41,35,126.04,3901.88,0,0,1.0,4,Month-to-month,Fiber optic,Mailed check,Yes,1
CUST-00573,34,17,109.73,1865.96,0,0,10.0,3,Month-to-month,No,Credit card,Yes,0
CUST-00574,20,57,99.59,6170.81,2,1,10.0,1,Month-to-month,DSL,Credit card,Yes,0
CUST-00575,18,42,115.6,4652.44,4,2,3.0,3,Month-to-month,DSL,Bank transfer,Yes,1
CUST-00576,39,54,119.75,5889.42,3,0,5.0,3,One year,DSL,Bank transfer,Yes,0
CUST-00577,70,7,57.12,446.12,4,0,3.0,4,Month-to-month,Fiber optic,Credit card,Yes,1
CUST-00578,47,59,87.21,5363.64,0,1,4.0,3,Month-to-month,DSL,Mailed check,Yes,0
CUST-00579,68,15,86.97,1414.35,2,0,3.0,4,Month-to-month,DSL,Credit card,Yes,1
CUST-00580,23,32,49.4,1676.46,2,1,9.0,3,Month-to-month,Fiber optic,Credit card,No,0
CUST-00581,23,32,44.41,1488.73,5,0,7.0,1,One year,Fiber optic,Bank transfer,No,0
CUST-00582,65,59,32.53,1866.1,3,2,9.0,3,One year,Fiber optic,Credit card,No,0
CUST-00583,24,20,92.52,1772.39,2,0,8.0,4,Month-to-month,Fiber optic,Credit card,No,0
CUST-00584,20,17,105.9,1894.04,1,0,8.0,1,Month-to-month,No,Credit card,Yes,0
CUST-00585,41,24,103.7,2618.25,3,0,2.0,2,One year,Fiber optic,Bank transfer,Yes,1
CUST-00586,70,26,54.79,1578.59,3,0,9.0,1,One year,DSL,Bank transfer,Yes,0
CUST-00587,57,13,42.58,562.66,0,0,8.0,4,Two year,Fiber optic,Bank transfer,No,0
CUST-00588,23,12,69.9,797.45,3,1,2.0,3,Two year,DSL,Bank transfer,Yes,0
CUST-00589,65,16,80.15,1279.18,6,2,1.0,3,Two year,DSL,Bank transfer,No,1
CUST-00590,66,34,121.1,4229.77,4,0,8.0,4,Two year,Fiber optic,Electronic check,Yes,0
CUST-00591,63,25,116.23,2854.65,1,1,4.0,4,Two year,DSL,Credit card,Yes,0
CUST-00592,69,28,120.77,3617.84,3,0,4.0,2,One year,DSL,Mailed check,No,1
CUST-00593,31,52,113.53,6023.44,4,1,4.0,4,One year,Fiber optic,Electronic check,Yes,1
CUST-00594,73,17,126.1,1891.31,3,0,9.0,2,One year,No,Credit card,No,0
CUST-00595,36,66,71.2,4777.97,0,2,4.0,4,Month-to-month,DSL,Mailed check,Yes,0
CUST-00596,63,54,25.22,1405.55,2,0,4.0,4,Month-to-month,Fiber optic,Mailed check,No,0
CUST-00597,51,12,29.19,385.19,1,1,4.0,1,Two year,No,Mailed check,Yes,0
CUST-00598,62,22,62.93,1355.79,4,0,1.0,4,Month-to-month,DSL,Bank transfer,Yes,1
CUST-00599,53,13,48.35,639.78,4,1,1.0,3,Month-to-month,Fiber optic,Electronic check,No,1
CUST-00600,54,19,38.69,730.7,2,1,5.0,4,Month-to-month,DSL,Mailed check,Yes,0
CUST-00601,53,26,124.85,3270.76,4,1,1.0,1,Month-to-month,No,Credit card,Yes,1
CUST-00602,62,9,41.5,334.71,2,0,8.0,3,Month-to-month,DSL,Bank transfer,Yes,0
CUST-00603,60,1,125.53,137.5,1,0,5.0,1,Month-to-month,DSL,Mailed check,No,1
CUST-00604,25,32,103.69,3644.91,4,0,6.0,4,Month-to-month,No,Bank transfer,No,0
CUST-00605,65,51,90.5,4668.74,1,0,4.0,4,Month-to-month,Fiber optic,Credit card,Yes,0
CUST-00606,48,22,94.36,2104.1,1,2,8.0,3,Month-to-month,DSL,Mailed check,No,1
CUST-00607,36,62,56.46,3128.81,2,2,5.0,1,Month-to-month,Fiber optic,Mailed check,No,0
CUST-00608,47,26,91.11,2424.55,1,3,1.0,3,Month-to-month,No,Credit card,Yes,1
CUST-00609,73,65,40.54,2590.29,2,2,5.0,2,Month-to-month,Fiber optic,Electronic check,No,0
CUST-00610,66,17,123.15,2198.58,2,0,2.0,4,One year,DSL,Mailed check,Yes,1
CUST-00611,65,39,53.2,1849.29,1,1,6.0,1,Month-to-month,DSL,Bank transfer,No,0
CUST-00612,44,55,48.07,2777.66,0,0,6.0,2,Two year,No,Credit card,Yes,0
CUST-00613,62,4,98.23,372.82,0,0,5.0,2,One year,DSL,Credit card,No,0
CUST-00614,39,67,92.21,6403.01,4,2,4.0,4,Month-to-month,DSL,Electronic check,Yes,1
CUST-00615,57,26,69.64,1865.88,6,0,6.0,2,Month-to-month,DSL,Credit card,Yes,1
CUST-00616,54,36,89.57,3013.13,5,0,7.0,4,Month-to-month,DSL,Bank transfer,No,0
CUST-00617,32,45,37.54,1665.16,2,0,9.0,4,Month-to-month,Fiber optic,Bank transfer,No,0
CUST-00618,33,46,94.07,4675.79,1,1,10.0,3,Two year,Fiber optic,Mailed check,Yes,0
CUST-00619,21,1,49.77,51.03,0,1,1.0,1,One year,DSL,Credit card,Yes,0
CUST-00620,25,63,50.01,2824.53,3,0,7.0,1,One year,DSL,Bank transfer,No,0
CUST-00621,42,45,37.84,1679.47,2,1,1.0,1,One year,DSL,Electronic check,Yes,0
CUST-00622,45,72,56.56,3888.35,2,0,5.0,4,Two year,DSL,Credit card,Yes,0
CUST-00623,27,34,56.44,1984.19,1,0,8.0,3,Two year,DSL,Credit card,Yes,0
CUST-00624,41,44,69.96,3162.88,2,1,6.0,2,Month-to-month,Fiber optic,Electronic check,Yes,0
CUST-00625,52,32,40.95,1156.42,4,2,9.0,3,Month-to-month,DSL,Mailed check,No,0
CUST-00626,31,64,41.23,2706.92,1,1,10.0,3,Month-to-month,DSL,Bank transfer,Yes,0
CUST-00627,37,60,79.59,5044.56,2,1,10.0,4,Month-to-month,Fiber optic,Credit card,Yes,0
CUST-00628,38,66,34.18,2401.37,1,1,7.0,1,Month-to-month,Fiber optic,Mailed check,Yes,0
CUST-00629,46,36,95.78,3083.12,2,0,7.0,1,Month-to-month,Fiber optic,Credit card,No,0
CUST-00630,38,57,123.83,6725.71,3,1,9.0,4,One year,No,Mailed check,Yes,0
CUST-00631,60,26,66.95,1707.81,5,1,3.0,2,Month-to-month,DSL,Electronic check,Yes,1
CUST-00632,36,33,119.12,3628.85,1,0,4.0,4,One year,DSL,Bank transfer,No,1
CUST-00633,42,55,30.81,1662.31,5,0,4.0,4,Month-to-month,DSL,Electronic check,Yes,0
CUST-00634,39,5,24.73,110.92,3,0,8.0,1,Month-to-month,DSL,Electronic check,No,0
CUST-00635,28,51,99.35,4596.51,1,0,4.0,2,Two year,No,Bank transfer,Yes,0
CUST-00636,57,1,103.71,107.91,1,0,2.0,3,Month-to-month,Fiber optic,Electronic check,No,1
CUST-00637,31,42,112.74,4465.26,1,1,8.0,1,One year,Fiber optic,Bank transfer,Yes,0
CUST-00638,34,34,26.25,937.78,3,2,8.0,4,Two year,No,Electronic check,Yes,0
CUST-00639,63,34,105.46,3196.76,1,0,6.0,1,Month-to-month,No,Electronic check,Yes,1
CUST-00640,72,36,61.42,2244.39,0,0,9.0,1,Month-to-month,Fiber optic,Mailed check,Yes,0
CUST-00641,56,35,53.37,1819.29,3,0,8.0,3,Month-to-month,No,Credit card,No,0
CUST-00642,70,29,39.03,1212.54,1,0,10.0,1,Month-to-month,Fiber optic,Bank transfer,Yes,0
CUST-00643,66,32,129.56,4428.46,1,1,3.0,3,Two year,DSL,Credit card,No,1
CUST-00644,45,41,27.0,1073.94,3,0,2.0,2,Two year,Fiber optic,Bank transfer,Yes,0
CUST-00645,61,55,110.97,6283.1,1,1,4.0,2,Month-to-month,No,Bank transfer,No,1
CUST-00646,36,40,90.34,3377.31,1,2,9.0,4,One year,Fiber optic,Mailed check,No,0
CUST-00647,44,46,100.86,4729.09,0,2,10.0,1,Two year,Fiber optic,Credit card,Yes,0
CUST-00648,48,61,98.29,5393.14,1,0,2.0,2,Month-to-month,No,Mailed check,Yes,0
CUST-00649,72,72,114.43,8109.65,4,1,9.0,1,Month-to-month,Fiber optic,Bank transfer,No,0
CUST-00650,66,7,40.22,260.1,2,0,5.0,1,Two year,Fiber optic,Bank transfer,No,0
CUST-00651,45,52,20.09,1140.8,1,1,9.0,1,One year,DSL,Mailed check,Yes,0
CUST-00652,55,16,85.84,1355.28,4,0,7.0,2,Month-to-month,DSL,Mailed check,Yes,1
CUST-00653,29,14,58.92,842.85,3,1,1.0,2,Month-to-month,DSL,Electronic check,No,1
CUST-00654,63,57,33.62,1852.13,2,1,5.0,2,Month-to-month,No,Bank transfer,Yes,0
CUST-00655,49,5,40.48,192.14,2,0,1.0,1,One year,No,Mailed check,No,0
CUST-00656,48,61,56.49,3200.2,5,1,4.0,1,One year,DSL,Bank transfer,No,0
CUST-00657,61,56,27.73,1706.38,1,0,8.0,1,Month-to-month,DSL,Credit card,No,0
CUST-00658,54,72,26.26,2026.61,1,2,7.0,3,One year,DSL,Mailed check,No,0
CUST-00659,22,48,120.76,5286.29,0,0,8.0,4,Month-to-month,Fiber optic,Electronic check,No,0
CUST-00660,34,63,54.33,3625.47,2,0,7.0,1,One year,Fiber optic,Electronic check,Yes,0
CUST-00661,28,8,128.05,1004.37,5,1,1.0,1,One year,Fiber optic,Mailed check,No,1
CUST-00662,59,64,126.08,7130.64,5,1,6.0,4,Month-to-month,DSL,Mailed check,Yes,1
CUST-00663,20,11,35.68,395.15,2,1,5.0,3,Month-to-month,DSL,Mailed check,Yes,0
CUST-00664,29,22,98.64,1977.4,3,0,6.0,3,Month-to-month,No,Credit card,Yes,1
CUST-00665,52,9,86.09,720.87,1,1,3.0,1,One year,Fiber optic,Electronic check,Yes,1
CUST-00666,57,29,95.97,2914.08,1,1,8.0,4,One year,DSL,Mailed check,Yes,0
CUST-00667,46,54,30.58,1555.07,3,2,7.0,3,Month-to-month,DSL,Electronic check,Yes,0
CUST-00668,67,19,40.74,846.86,1,1,5.0,1,Two year,DSL,Electronic check,Yes,0
CUST-00669,70,60,28.43,1770.14,3,0,1.0,1,Two year,DSL,Credit card,Yes,0
CUST-00670,25,44,86.45,4107.15,3,1,1.0,3,Month-to-month,DSL,Bank transfer,Yes,0
CUST-00671,72,45,128.53,5943.75,3,0,4.0,4,Month-to-month,Fiber optic,Mailed check,No,1
CUST-00672,53,68,93.92,6951.92,2,1,6.0,4,Month-to-month,DSL,Mailed check,Yes,0
CUST-00673,54,31,98.18,2942.55,8,0,10.0,3,Month-to-month,Fiber optic,Mailed check,No,1
CUST-00674,23,25,128.3,3245.33,1,0,8.0,3,Two year,Fiber optic,Mailed check,No,0
CUST-00675,53,72,94.58,6835.73,3,2,5.0,3,One year,DSL,Credit card,No,0
CUST-00676,59,40,24.42,1071.46,1,0,3.0,1,Month-to-month,Fiber optic,Mailed check,Yes,0
CUST-00677,51,44,115.37,4668.04,2,0,2.0,2,Month-to-month,No,Mailed check,Yes,1
CUST-00678,22,21,60.11,1285.96,0,1,2.0,1,Month-to-month,DSL,Bank transfer,Yes,1
CUST-00679,47,15,20.48,325.96,2,0,1.0,4,Month-to-month,Fiber optic,Bank transfer,Yes,0
CUST-00680,71,12,75.8,881.23,1,0,10.0,3,Month-to-month,DSL,Credit card,No,0
CUST-00681,59,16,123.07,2142.83,2,0,1.0,4,Two year,DSL,Mailed check,Yes,1
CUST-00682,25,14,48.31,655.73,2,1,9.0,2,One year,DSL,Bank transfer,No,0
CUST-00683,72,54,74.07,3686.17,1,0,6.0,4,Two year,Fiber optic,Bank transfer,Yes,0
CUST-00684,72,4,39.12,159.64,1,0,7.0,4,Month-to-month,Fiber optic,Bank transfer,No,0
CUST-00685,27,45,26.35,1163.15,2,0,10.0,3,Month-to-month,Fiber optic,Mailed check,Yes,0
CUST-00686,63,69,28.86,1759.64,1,1,8.0,4,Two year,DSL,Credit card,No,0
CUST-00687,41,55,99.97,4930.71,6,0,2.0,3,Month-to-month,Fiber optic,Bank transfer,No,1
CUST-00688,51,29,115.05,3092.44,1,1,10.0,3,Month-to-month,DSL,Credit card,Yes,1
CUST-00689,43,4,35.76,152.29,2,1,2.0,1,Two year,DSL,Credit card,Yes,0
CUST-00690,62,60,51.72,3395.18,1,0,6.0,4,One year,Fiber optic,Credit card,Yes,0
CUST-00691,74,0,41.45,41.9,4,1,7.0,1,Two year,DSL,Credit card,Yes,0
CUST-00692,63,49,22.95,1018.1,2,0,3.0,3,Month-to-month,Fiber optic,Electronic check,Yes,0
CUST-00693,71,48,80.88,3914.31,3,1,7.0,3,One year,Fiber optic,Electronic check,No,0
CUST-00694,71,14,96.99,1473.75,2,1,7.0,1,Month-to-month,Fiber optic,Mailed check,Yes,1
CUST-00695,23,54,91.27,5223.68,1,2,10.0,4,Month-to-month,Fiber optic,Credit card,Yes,0
CUST-00696,32,12,62.69,714.56,2,1,10.0,1,Month-to-month,DSL,Mailed check,Yes,0
CUST-00697,59,16,81.05,1179.74,3,0,4.0,3,Two year,DSL,Mailed check,Yes,0
CUST-00698,51,59,30.35,1962.85,5,0,7.0,4,Month-to-month,Fiber optic,Bank transfer,No,0
CUST-00699,20,71,36.97,2847.93,3,4,9.0,1,One year,DSL,Bank transfer,Yes,0
CUST-00700,23,19,122.5,2078.21,3,1,1.0,2,Two year,DSL,Mailed check,Yes,1
CUST-00701,47,67,103.77,7492.68,0,2,7.0,3,One year,DSL,Electronic check,Yes,0
CUST-00702,53,66,121.5,7243.81,2,1,10.0,4,Month-to-month,Fiber optic,Mailed check,No,0
CUST-00703,27,56,120.83,6057.27,2,2,2.0,2,One year,Fiber optic,Electronic check,Yes,1
CUST-00704,27,10,91.43,971.05,2,0,,1,Month-to-month,DSL,Bank transfer,No,1
CUST-00705,25,21,122.11,2586.66,1,1,1.0,1,Month-to-month,DSL,Bank transfer,Yes,1
CUST-00706,50,49,65.84,3160.0,3,1,5.0,1,Month-to-month,DSL,Credit card,No,0
CUST-00707,18,72,20.4,1611.17,1,1,9.0,4,One year,DSL,Bank transfer,Yes,0
CUST-00708,50,59,26.88,1715.07,1,1,10.0,4,One year,Fiber optic,Mailed check,No,0
CUST-00709,45,30,32.04,859.15,2,3,8.0,2,Two year,DSL,Mailed check,No,0
CUST-00710,44,17,30.49,532.77,2,0,8.0,4,Month-to-month,DSL,Credit card,Yes,0
CUST-00711,56,70,58.69,4376.75,2,2,3.0,4,Month-to-month,No,Mailed check,Yes,0
CUST-00712,47,20,97.14,1966.34,1,1,9.0,4,Month-to-month,Fiber optic,Electronic check,No,1
CUST-00713,59,24,106.97,2864.88,2,0,7.0,1,Two year,DSL,Mailed check,Yes,0
CUST-00714,61,70,84.92,6209.83,0,3,10.0,1,Two year,Fiber optic,Credit card,No,0
CUST-00715,70,41,36.11,1339.85,0,0,7.0,3,Two year,Fiber optic,Electronic check,No,0
CUST-00716,63,19,102.27,1802.43,2,2,1.0,2,Month-to-month,No,Mailed check,Yes,1
CUST-00717,47,0,59.03,63.65,1,1,6.0,1,Month-to-month,No,Electronic check,Yes,1
CUST-00718,46,31,21.43,743.53,1,2,8.0,3,One year,Fiber optic,Credit card,Yes,0
CUST-00719,31,71,50.86,3262.96,3,0,8.0,2,Month-to-month,DSL,Credit card,Yes,0
CUST-00720,52,31,56.37,1579.85,2,1,4.0,4,Month-to-month,Fiber optic,Electronic check,Yes,0
CUST-00721,25,51,50.17,2720.41,2,0,2.0,3,Month-to-month,DSL,Bank transfer,No,0
CUST-00722,71,18,109.31,1761.86,2,0,9.0,1,Month-to-month,Fiber optic,Electronic check,Yes,1
CUST-00723,66,56,103.59,5200.37,2,1,9.0,4,Month-to-month,No,Mailed check,No,0
CUST-00724,24,56,96.51,5908.89,0,1,9.0,3,Two year,DSL,Mailed check,Yes,0
CUST-00725,62,44,35.29,1664.73,5,0,7.0,2,One year,No,Mailed check,Yes,0
CUST-00726,24,56,108.86,6654.42,1,1,9.0,1,One year,Fiber optic,Bank transfer,Yes,0
CUST-00727,59,42,94.49,4111.94,3,1,5.0,3,Month-to-month,DSL,Bank transfer,Yes,1
CUST-00728,22,27,41.43,1070.97,3,0,8.0,3,One year,No,Mailed check,Yes,0
CUST-00729,45,53,91.29,5310.18,1,0,5.0,4,Month-to-month,Fiber optic,Bank transfer,No,0
CUST-00730,55,60,73.19,4179.27,1,0,8.0,1,Month-to-month,Fiber optic,Bank transfer,Yes,0
CUST-00731,59,61,68.33,3943.56,3,0,2.0,2,Month-to-month,Fiber optic,Electronic check,Yes,1
CUST-00732,41,15,32.33,529.92,2,0,3.0,4,Month-to-month,DSL,Mailed check,No,0
CUST-00733,70,49,77.01,3937.25,3,0,3.0,3,Two year,DSL,Electronic check,No,0
CUST-00734,62,0,30.99,33.93,0,1,5.0,1,Two year,Fiber optic,Electronic check,Yes,0
CUST-00735,29,41,38.07,1431.97,2,2,9.0,4,Month-to-month,No,Mailed check,Yes,0
CUST-00736,56,41,34.58,1571.68,1,1,2.0,3,One year,Fiber optic,Mailed check,Yes,0
CUST-00737,59,26,124.95,3336.6,0,3,8.0,2,Month-to-month,No,Mailed check,Yes,1
CUST-00738,37,72,51.34,3845.55,3,3,9.0,4,Month-to-month,No,Mailed check,Yes,0
CUST-00739,60,64,59.07,4156.16,1,2,7.0,3,One year,DSL,Electronic check,Yes,0
CUST-00740,69,2,55.43,107.69,0,3,7.0,2,One year,Fiber optic,Bank transfer,Yes,0
CUST-00741,64,15,118.81,1876.07,1,1,2.0,4,One year,Fiber optic,Mailed check,No,1
CUST-00742,61,15,81.93,1270.34,1,0,7.0,2,Month-to-month,DSL,Bank transfer,Yes,1
CUST-00743,54,65,121.11,8415.81,3,2,3.0,1,Month-to-month,Fiber optic,Mailed check,Yes,1
CUST-00744,33,37,52.99,2147.41,3,1,3.0,3,Month-to-month,Fiber optic,Mailed check,No,0
CUST-00745,63,53,32.63,1804.12,3,2,9.0,1,Month-to-month,No,Mailed check,Yes,0
CUST-00746,38,59,81.18,4292.62,1,1,7.0,3,Month-to-month,No,Mailed check,No,0
CUST-00747,48,56,58.01,3001.52,1,0,10.0,3,Month-to-month,Fiber optic,Mailed check,No,0
CUST-00748,35,6,108.21,720.0,1,1,5.0,3,Month-to-month,Fiber optic,Credit card,No,1
CUST-00749,35,10,116.74,1298.7,3,0,4.0,1,Month-to-month,Fiber optic,Electronic check,No,1
CUST-00750,26,28,71.98,2241.53,3,0,10.0,3,One year,No,Bank transfer,Yes,0
CUST-00751,72,24,126.85,2705.96,7,2,7.0,2,Month-to-month,Fiber optic,Mailed check,No,1
CUST-00752,26,54,80.83,4241.68,2,0,9.0,1,Month-to-month,No,Mailed check,No,0
CUST-00753,22,11,49.8,581.94,4,0,1.0,2,Two year,No,Electronic check,Yes,0
CUST-00754,71,27,73.79,2113.25,1,0,6.0,4,Two year,DSL,Credit card,Yes,0
CUST-00755,49,17,24.1,368.98,3,0,9.0,4,Month-to-month,No,Bank transfer,Yes,0
CUST-00756,42,13,108.44,1446.76,2,1,9.0,1,Month-to-month,Fiber optic,Bank transfer,Yes,1
CUST-00757,60,12,31.16,341.87,0,0,8.0,4,Month-to-month,DSL,Credit card,Yes,0
CUST-00758,39,14,53.96,754.21,2,2,2.0,3,Two year,DSL,Bank transfer,Yes,0
CUST-00759,25,41,82.18,3158.88,1,0,6.0,1,Month-to-month,Fiber optic,Credit card,Yes,0
CUST-00760,59,29,24.73,640.26,0,1,2.0,4,Month-to-month,DSL,Electronic check,Yes,0
CUST-00761,28,31,28.72,800.58,2,3,9.0,3,One year,DSL,Bank transfer,Yes,0
CUST-00762,49,34,96.57,3607.17,2,0,7.0,4,One year,Fiber optic,Mailed check,Yes,0
CUST-00763,72,54,27.9,1595.06,2,1,2.0,1,Month-to-month,DSL,Credit card,Yes,0
CUST-00764,71,62,72.48,4959.48,2,0,8.0,1,Month-to-month,Fiber optic,Mailed check,Yes,0
CUST-00765,38,38,57.26,2160.21,4,1,8.0,4,Month-to-month,Fiber optic,Mailed check,Yes,0
CUST-00766,62,46,45.09,2030.98,3,2,1.0,1,Month-to-month,DSL,Bank transfer,No,0
CUST-00767,52,53,40.77,2087.38,3,0,1.0,3,Month-to-month,Fiber optic,Bank transfer,Yes,0
CUST-00768,45,50,103.98,5344.12,0,2,3.0,3,Two year,DSL,Bank transfer,Yes,0
CUST-00769,25,9,124.67,1082.06,5,1,1.0,4,One year,No,Credit card,No,1
CUST-00770,39,71,35.42,2663.46,1,0,6.0,2,One year,Fiber optic,Bank transfer,No,0
CUST-00771,55,12,125.56,1615.68,2,1,9.0,4,One year,No,Bank transfer,Yes,1
CUST-00772,74,30,85.42,2793.75,2,0,1.0,3,Month-to-month,Fiber optic,Electronic check,Yes,1
CUST-00773,18,47,90.58,3994.47,0,1,7.0,3,Month-to-month,No,Bank transfer,No,0
CUST-00774,58,29,98.09,2863.06,2,1,5.0,3,One year,Fiber optic,Mailed check,Yes,1
CUST-00775,66,17,97.45,1546.69,2,2,9.0,1,Month-to-month,Fiber optic,Bank transfer,Yes,1
CUST-00776,72,67,110.18,6562.75,3,1,5.0,2,Month-to-month,DSL,Mailed check,Yes,1
CUST-00777,42,5,73.18,384.15,2,0,7.0,3,Month-to-month,Fiber optic,Bank transfer,Yes,0
CUST-00778,24,17,78.67,1353.11,1,0,10.0,2,One year,Fiber optic,Bank transfer,Yes,0
CUST-00779,33,72,55.62,4219.86,0,0,2.0,1,One year,Fiber optic,Credit card,No,0
CUST-00780,66,53,31.58,1508.09,6,0,4.0,3,Month-to-month,DSL,Electronic check,No,0
CUST-00781,68,6,93.11,,1,4,3.0,2,Month-to-month,Fiber optic,Bank transfer,Yes,1
CUST-00782,54,55,23.7,1458.15,2,0,2.0,4,Two year,Fiber optic,Electronic check,No,0
CUST-00783,24,70,50.32,3492.81,2,0,7.0,3,Month-to-month,Fiber optic,Electronic check,No,0
CUST-00784,24,7,30.37,231.27,1,1,1.0,2,Month-to-month,Fiber optic,Credit card,No,1
CUST-00785,45,30,40.98,1153.74,3,0,4.0,1,One year,Fiber optic,Electronic check,No,0
CUST-00786,51,34,90.26,3243.81,0,0,2.0,1,One year,Fiber optic,Electronic check,No,0
CUST-00787,19,9,89.13,875.18,1,0,7.0,3,Month-to-month,Fiber optic,Credit card,Yes,0
CUST-00788,57,14,66.32,998.6,2,1,8.0,2,Month-to-month,Fiber optic,Bank transfer,Yes,0
CUST-00789,49,12,29.92,385.91,3,1,5.0,3,Two year,Fiber optic,Electronic check,Yes,0
CUST-00790,18,13,67.67,871.9,2,0,5.0,3,Month-to-month,DSL,Mailed check,No,0
CUST-00791,23,29,58.8,1836.16,3,0,5.0,2,Two year,DSL,Mailed check,No,0
CUST-00792,43,33,99.25,3425.16,1,2,2.0,4,One year,Fiber optic,Credit card,No,0
CUST-00793,59,17,83.69,1297.23,2,0,4.0,3,Two year,Fiber optic,Credit card,No,0
CUST-00794,65,21,74.07,1411.44,2,0,10.0,4,Month-to-month,DSL,Mailed check,No,0
CUST-00795,42,14,73.57,1097.2,5,0,1.0,4,Month-to-month,Fiber optic,Mailed check,Yes,1
CUST-00796,34,58,126.29,7545.38,6,0,8.0,4,Month-to-month,DSL,Electronic check,Yes,1
CUST-00797,73,15,103.19,1555.05,3,0,2.0,1,Month-to-month,Fiber optic,Electronic check,Yes,1
CUST-00798,44,66,74.67,5409.92,4,2,2.0,3,Month-to-month,DSL,Bank transfer,Yes,1
CUST-00799,35,39,72.71,2944.3,0,3,3.0,1,Month-to-month,Fiber optic,Bank transfer,No,1
CUST-00800,43,58,22.91,1295.66,0,0,3.0,4,Month-to-month,Fiber optic,Mailed check,No,0
CUST-00801,18,46,123.68,5571.76,3,0,4.0,3,One year,No,Credit card,Yes,0
CUST-00802,35,19,55.11,1073.54,0,1,9.0,2,Month-to-month,No,Mailed check,Yes,0
CUST-00803,47,43,48.15,2199.78,5,0,10.0,3,Month-to-month,Fiber optic,Credit card,Yes,0
CUST-00804,70,20,129.93,2638.73,0,1,7.0,3,Month-to-month,Fiber optic,Credit card,No,1
CUST-00805,60,8,99.06,794.15,4,1,2.0,3,One year,Fiber optic,Mailed check,No,1
CUST-00806,62,18,25.21,478.49,0,1,10.0,3,Month-to-month,No,Credit card,Yes,0
CUST-00807,49,20,26.81,562.62,4,0,9.0,4,One year,Fiber optic,Mailed check,No,0
CUST-00808,24,9,22.81,221.57,2,2,1.0,4,Month-to-month,DSL,Bank transfer,Yes,0
CUST-00809,40,1,85.96,76.94,3,4,4.0,2,One year,No,Bank transfer,Yes,1
CUST-00810,74,68,27.87,2011.12,2,0,8.0,4,One year,DSL,Credit card,Yes,0
CUST-00811,20,37,122.67,4553.78,3,0,1.0,1,Month-to-month,No,Mailed check,No,1
CUST-00812,68,29,123.06,3204.47,2,4,1.0,2,One year,DSL,Electronic check,No,1
CUST-00813,57,67,80.07,5595.17,1,0,7.0,1,Two year,Fiber optic,Credit card,Yes,0
CUST-00814,34,16,87.83,1478.31,2,0,4.0,4,Month-to-month,No,Electronic check,No,1
CUST-00815,62,29,52.11,1519.76,2,0,5.0,1,Month-to-month,Fiber optic,Mailed check,No,0
CUST-00816,65,61,27.04,1765.74,5,1,8.0,4,Two year,Fiber optic,Credit card,No,0
CUST-00817,20,46,101.12,4428.52,3,2,6.0,4,Two year,DSL,Electronic check,Yes,0
CUST-00818,24,29,31.2,840.07,2,2,8.0,4,One year,DSL,Electronic check,Yes,0
CUST-00819,55,18,29.41,510.42,1,0,2.0,4,Month-to-month,DSL,Credit card,Yes,0
CUST-00820,74,2,54.23,106.12,3,0,1.0,2,Month-to-month,Fiber optic,Electronic check,No,1
CUST-00821,19,6,21.37,134.25,1,0,3.0,4,Two year,Fiber optic,Electronic check,Yes,0
CUST-00822,55,11,67.74,806.93,1,1,3.0,4,One year,DSL,Electronic check,Yes,1
CUST-00823,25,57,97.84,5872.57,1,2,4.0,4,Month-to-month,Fiber optic,Electronic check,No,0
CUST-00824,55,46,108.15,4585.65,1,1,8.0,4,Month-to-month,No,Bank transfer,Yes,0
CUST-00825,53,31,86.47,2594.5,2,0,2.0,4,One year,No,Credit card,Yes,0
CUST-00826,23,57,113.16,5921.33,1,4,2.0,3,One year,Fiber optic,Mailed check,No,1
CUST-00827,56,11,64.72,743.82,3,0,3.0,4,Two year,No,Credit card,Yes,0
CUST-00828,69,15,113.36,1597.63,3,0,4.0,2,Month-to-month,Fiber optic,Mailed check,Yes,1
CUST-00829,67,28,75.71,2132.8,0,1,2.0,3,Month-to-month,DSL,Mailed check,Yes,1
CUST-00830,19,66,44.53,3144.82,2,0,2.0,4,Month-to-month,Fiber optic,Electronic check,Yes,0
CUST-00831,32,44,123.86,5673.42,2,0,6.0,2,Month-to-month,No,Credit card,Yes,1
CUST-00832,31,62,50.25,2964.74,0,1,2.0,4,Month-to-month,DSL,Electronic check,Yes,0
CUST-00833,43,18,22.88,395.32,4,0,2.0,1,Month-to-month,DSL,Mailed check,Yes,0
CUST-00834,26,61,46.69,2952.92,2,0,9.0,3,Month-to-month,No,Mailed check,Yes,0
CUST-00835,66,5,60.34,305.28,3,1,1.0,1,Month-to-month,Fiber optic,Electronic check,No,1
CUST-00836,62,16,58.65,847.5,1,0,1.0,4,Two year,Fiber optic,Electronic check,Yes,0
CUST-00837,64,38,77.71,3218.03,2,0,1.0,4,Month-to-month,Fiber optic,Bank transfer,No,1
CUST-00838,29,3,117.14,352.48,4,2,6.0,1,Month-to-month,Fiber optic,Credit card,No,1
CUST-00839,18,62,52.16,3213.24,3,1,7.0,1,One year,DSL,Credit card,No,0
CUST-00840,69,63,77.28,4516.27,2,0,7.0,3,Month-to-month,Fiber optic,Electronic check,Yes,0
CUST-00841,34,39,57.42,2173.27,4,0,7.0,4,Month-to-month,DSL,Credit card,Yes,0
CUST-00842,55,22,110.4,2331.35,1,1,1.0,2,Two year,DSL,Credit card,Yes,1
CUST-00843,69,7,37.34,247.0,0,0,4.0,4,One year,No,Mailed check,Yes,0
CUST-00844,20,45,31.39,1435.4,0,1,7.0,2,Month-to-month,DSL,Bank transfer,Yes,0
CUST-00845,18,39,75.33,2911.27,2,1,7.0,2,Two year,DSL,Electronic check,No,0
CUST-00846,18,55,93.91,5647.5,2,0,4.0,2,Two year,DSL,Credit card,Yes,0
CUST-00847,26,43,107.51,5112.6,2,0,9.0,2,Two year,No,Credit card,Yes,0
CUST-00848,20,9,84.86,712.32,1,3,9.0,2,Month-to-month,No,Credit card,No,1
CUST-00849,64,8,105.12,760.25,5,1,8.0,1,One year,DSL,Credit card,No,1
CUST-00850,52,57,63.2,3849.1,3,1,8.0,2,Month-to-month,Fiber optic,Electronic check,No,0
CUST-00851,73,11,23.62,290.68,1,1,10.0,2,Month-to-month,Fiber optic,Electronic check,Yes,0
CUST-00852,63,68,32.77,2422.82,1,0,8.0,1,Month-to-month,Fiber optic,Bank transfer,Yes,0
CUST-00853,72,7,24.26,150.41,1,1,6.0,2,Two year,DSL,Mailed check,Yes,0
CUST-00854,31,53,56.18,2799.79,4,0,4.0,1,Month-to-month,DSL,Credit card,Yes,0
CUST-00855,34,71,74.5,4709.78,0,1,4.0,1,Two year,Fiber optic,Credit card,No,0
CUST-00856,66,32,59.19,2039.9,6,1,9.0,3,Two year,DSL,Mailed check,No,0
CUST-00857,31,4,81.67,333.06,1,1,3.0,1,Month-to-month,Fiber optic,Bank transfer,Yes,1
CUST-00858,21,63,72.87,4605.93,0,1,7.0,2,Month-to-month,DSL,Bank transfer,No,0
CUST-00859,56,13,94.57,1245.48,3,0,6.0,3,Two year,No,Credit card,Yes,0
CUST-00860,63,38,93.37,3337.26,2,2,4.0,1,Month-to-month,Fiber optic,Electronic check,Yes,1
CUST-00861,73,71,54.99,3999.53,2,0,5.0,3,One year,Fiber optic,Bank transfer,No,0
CUST-00862,70,54,58.08,2783.05,2,1,1.0,1,Month-to-month,Fiber optic,Credit card,Yes,0
CUST-00863,24,3,84.37,261.98,1,1,8.0,1,Month-to-month,DSL,Bank transfer,Yes,1
CUST-00864,62,59,85.61,5335.18,2,0,1.0,1,Month-to-month,DSL,Electronic check,Yes,1
CUST-00865,66,11,54.62,625.77,1,2,1.0,4,Month-to-month,Fiber optic,Bank transfer,Yes,1
CUST-00866,57,54,56.33,2919.26,6,1,3.0,1,Two year,Fiber optic,Mailed check,Yes,0
CUST-00867,64,45,96.34,4674.77,4,0,6.0,1,Month-to-month,No,Bank transfer,No,0
CUST-00868,65,21,91.22,2014.72,1,1,3.0,4,Month-to-month,Fiber optic,Mailed check,Yes,1
CUST-00869,43,30,34.86,952.51,1,1,9.0,3,One year,Fiber optic,Credit card,No,0
CUST-00870,20,8,68.51,507.98,2,0,10.0,3,Two year,DSL,Electronic check,No,0
CUST-00871,44,72,118.2,8790.44,3,0,4.0,1,Month-to-month,DSL,Mailed check,No,1
CUST-00872,29,17,23.99,387.22,2,2,10.0,2,One year,DSL,Credit card,No,0
CUST-00873,24,22,114.07,2280.33,1,0,1.0,3,Month-to-month,No,Credit card,No,1
CUST-00874,25,36,37.95,1253.07,1,1,2.0,3,Two year,Fiber optic,Credit card,Yes,0
CUST-00875,57,49,75.8,3416.13,5,1,4.0,3,One year,Fiber optic,Electronic check,No,0
CUST-00876,46,36,66.68,2387.69,3,1,10.0,1,Two year,Fiber optic,Bank transfer,Yes,0
CUST-00877,48,36,21.11,779.55,1,0,6.0,4,One year,DSL,Mailed check,Yes,0
CUST-00878,60,42,120.69,4675.31,3,0,8.0,3,Two year,DSL,Credit card,Yes,0
CUST-00879,49,62,70.04,4563.94,5,0,7.0,1,Month-to-month,DSL,Bank transfer,Yes,0
CUST-00880,53,28,124.97,3315.25,4,0,5.0,4,One year,DSL,Bank transfer,No,1
CUST-00881,22,60,51.54,2952.54,1,1,10.0,2,One year,Fiber optic,Credit card,No,0
CUST-00882,66,57,115.29,6135.44,1,0,10.0,1,Month-to-month,DSL,Bank transfer,No,0
CUST-00883,43,70,121.46,9084.17,0,0,5.0,4,Two year,Fiber optic,Bank transfer,Yes,0
CUST-00884,26,66,81.25,5954.28,5,0,8.0,1,One year,No,Credit card,Yes,0
CUST-00885,64,58,42.29,2448.4,4,1,7.0,1,Two year,No,Bank transfer,Yes,0
CUST-00886,59,18,95.38,1528.14,2,2,6.0,3,Month-to-month,DSL,Credit card,Yes,1
CUST-00887,21,56,80.39,4243.15,0,1,2.0,2,Two year,Fiber optic,Credit card,Yes,0
CUST-00888,29,53,123.9,6027.78,1,0,3.0,1,Month-to-month,DSL,Credit card,No,1
CUST-00889,18,21,68.32,1552.74,3,2,10.0,1,Two year,DSL,Credit card,No,0
CUST-00890,33,49,49.54,2185.6,1,0,3.0,1,Month-to-month,Fiber optic,Bank transfer,Yes,0
CUST-00891,23,18,35.21,704.73,2,0,7.0,4,One year,Fiber optic,Credit card,Yes,0
CUST-00892,58,38,96.85,3758.48,5,1,10.0,3,Month-to-month,Fiber optic,Credit card,Yes,0
CUST-00893,47,58,127.15,7406.1,4,0,7.0,4,One year,No,Bank transfer,Yes,0
CUST-00894,73,13,23.12,325.62,2,2,3.0,3,Month-to-month,DSL,Bank transfer,Yes,1
CUST-00895,60,24,101.45,2158.72,3,2,9.0,3,Two year,No,Credit card,Yes,0
CUST-00896,52,58,121.96,7544.2,4,1,1.0,1,Two year,DSL,Credit card,No,1
CUST-00897,47,33,28.23,845.87,2,1,8.0,4,Month-to-month,No,Bank transfer,Yes,0
CUST-00898,21,70,32.12,2432.29,1,3,3.0,4,Two year,Fiber optic,Bank transfer,Yes,0
CUST-00899,22,0,96.12,96.79,2,1,7.0,3,One year,DSL,Mailed check,Yes,1
CUST-00900,53,52,91.28,4246.61,3,0,5.0,1,Month-to-month,Fiber optic,Credit card,Yes,0
CUST-00901,18,59,27.57,1756.73,1,0,6.0,4,Month-to-month,DSL,Credit card,No,0
CUST-00902,20,67,111.79,6640.24,3,1,4.0,2,Month-to-month,Fiber optic,Bank transfer,Yes,1
CUST-00903,30,11,77.58,779.31,1,1,6.0,1,Month-to-month,DSL,Mailed check,No,1
CUST-00904,68,71,119.79,9113.02,2,1,10.0,3,Month-to-month,No,Bank transfer,Yes,0
CUST-00905,44,28,116.58,3236.72,4,1,9.0,4,Month-to-month,DSL,Mailed check,Yes,1
CUST-00906,58,25,109.38,2984.8,1,0,5.0,3,Month-to-month,No,Electronic check,Yes,1
CUST-00907,41,25,76.75,1981.12,5,2,10.0,1,Two year,DSL,Electronic check,No,0
CUST-00908,27,46,47.69,2258.78,0,0,9.0,3,Month-to-month,Fiber optic,Credit card,Yes,0
CUST-00909,39,48,75.66,3450.59,4,2,7.0,4,Two year,No,Mailed check,No,0
CUST-00910,23,34,31.09,964.13,2,1,6.0,3,Two year,DSL,Electronic check,No,0
CUST-00911,61,5,92.47,513.52,2,1,1.0,2,One year,DSL,Credit card,Yes,1
CUST-00912,28,72,34.74,2264.04,2,0,6.0,3,Month-to-month,Fiber optic,Bank transfer,Yes,0
CUST-00913,39,16,76.23,1228.17,0,1,3.0,1,Month-to-month,Fiber optic,Electronic check,No,1
CUST-00914,73,6,25.98,147.37,1,1,2.0,4,Two year,No,Bank transfer,No,0
CUST-00915,51,43,52.95,2147.97,3,0,9.0,4,One year,DSL,Credit card,Yes,0
CUST-00916,44,30,45.53,1396.91,0,2,3.0,3,Two year,No,Credit card,No,0
CUST-00917,48,44,88.2,4158.29,2,1,7.0,1,Month-to-month,No,Mailed check,Yes,1
CUST-00918,62,63,106.55,7159.2,2,1,9.0,2,One year,Fiber optic,Mailed check,No,0
CUST-00919,32,7,26.3,200.4,1,1,6.0,1,Month-to-month,DSL,Electronic check,Yes,0
CUST-00920,54,20,113.53,2157.74,3,3,8.0,4,One year,DSL,Mailed check,Yes,0
CUST-00921,67,37,114.68,4208.28,2,0,8.0,3,One year,No,Electronic check,Yes,0
CUST-00922,50,57,57.65,2899.09,2,0,5.0,2,Month-to-month,Fiber optic,Mailed check,No,0
CUST-00923,43,43,92.49,4212.69,3,1,,4,Month-to-month,Fiber optic,Mailed check,Yes,1
CUST-00924,26,27,64.29,1653.49,4,1,10.0,4,Month-to-month,No,Mailed check,No,0
CUST-00925,32,44,36.96,1650.24,1,2,4.0,4,Month-to-month,DSL,Electronic check,Yes,0
CUST-00926,71,71,78.15,5108.27,0,3,9.0,2,Month-to-month,Fiber optic,Electronic check,Yes,0
CUST-00927,48,35,29.5,1111.65,3,1,2.0,1,Month-to-month,Fiber optic,Mailed check,Yes,1
CUST-00928,35,64,116.63,8032.69,1,0,2.0,2,Month-to-month,No,Bank transfer,No,1
CUST-00929,41,56,121.67,7430.75,2,2,6.0,2,One year,Fiber optic,Bank transfer,Yes,1
CUST-00930,50,21,110.38,2065.38,4,0,7.0,3,One year,Fiber optic,Bank transfer,No,0
CUST-00931,48,18,81.88,1648.03,3,1,6.0,2,Month-to-month,DSL,Electronic check,No,1
CUST-00932,57,56,81.34,4279.31,1,1,8.0,3,Month-to-month,No,Electronic check,No,0
CUST-00933,32,15,128.31,1836.62,1,0,4.0,1,One year,Fiber optic,Electronic check,No,1
CUST-00934,55,24,47.27,1066.23,4,0,9.0,1,Month-to-month,Fiber optic,Mailed check,Yes,0
CUST-00935,43,17,28.35,455.06,2,0,10.0,4,Month-to-month,No,Electronic check,Yes,0
CUST-00936,71,44,81.81,3645.13,2,0,1.0,2,Month-to-month,DSL,Mailed check,Yes,1
CUST-00937,27,21,56.17,1105.91,3,1,5.0,1,Two year,Fiber optic,Electronic check,Yes,0
CUST-00938,26,48,55.46,2594.21,1,1,3.0,4,Month-to-month,No,Credit card,No,0
CUST-00939,44,68,20.78,1465.81,3,1,7.0,1,Two year,Fiber optic,Bank transfer,Yes,0
CUST-00940,46,60,85.59,5549.55,5,1,5.0,4,Month-to-month,No,Mailed check,Yes,1
CUST-00941,57,69,49.04,3540.29,3,1,3.0,2,Month-to-month,No,Electronic check,Yes,0
CUST-00942,41,1,40.66,41.58,1,0,3.0,2,Month-to-month,Fiber optic,Credit card,No,1
CUST-00943,70,33,24.45,738.63,3,1,4.0,2,One year,DSL,Mailed check,Yes,0
CUST-00944,45,16,60.08,1034.21,0,0,2.0,1,Month-to-month,No,Bank transfer,No,1
CUST-00945,25,67,116.69,6949.98,3,1,2.0,2,One year,Fiber optic,Bank transfer,Yes,1
CUST-00946,24,51,57.03,2743.92,2,0,7.0,2,Two year,Fiber optic,Electronic check,Yes,0
CUST-00947,73,23,94.7,1946.56,0,0,10.0,2,Month-to-month,Fiber optic,Mailed check,No,0
CUST-00948,25,41,103.22,4402.08,5,0,6.0,2,Month-to-month,DSL,Mailed check,Yes,0
CUST-00949,72,44,56.09,2389.99,5,1,10.0,3,One year,DSL,Bank transfer,Yes,0
CUST-00950,33,36,110.38,4118.69,2,0,2.0,1,Month-to-month,Fiber optic,Credit card,No,1
CUST-00951,23,34,96.11,,2,0,10.0,2,One year,Fiber optic,Mailed check,Yes,0
CUST-00952,35,4,81.52,322.62,3,2,6.0,4,Two year,Fiber optic,Bank transfer,Yes,0
CUST-00953,53,33,20.11,656.93,3,1,8.0,4,Month-to-month,DSL,Electronic check,No,0
CUST-00954,42,25,23.86,531.45,3,0,1.0,3,Month-to-month,Fiber optic,Electronic check,Yes,0
CUST-00955,62,59,129.0,7483.55,3,2,7.0,2,One year,Fiber optic,Mailed check,No,0
CUST-00956,52,63,106.05,6907.34,2,2,4.0,2,Month-to-month,DSL,Mailed check,No,1
CUST-00957,40,54,123.13,6722.51,3,1,9.0,4,Month-to-month,Fiber optic,Electronic check,Yes,0
CUST-00958,54,2,119.25,214.19,4,1,8.0,2,Month-to-month,Fiber optic,Mailed check,Yes,1
CUST-00959,73,61,22.25,1411.99,2,1,9.0,4,Month-to-month,Fiber optic,Mailed check,Yes,0
CUST-00960,41,28,107.1,2861.24,2,1,9.0,1,Month-to-month,Fiber optic,Credit card,Yes,1
CUST-00961,26,30,69.63,1845.47,4,0,8.0,3,One year,No,Bank transfer,Yes,0
CUST-00962,41,68,106.85,6665.23,4,1,3.0,3,Month-to-month,DSL,Mailed check,No,1
CUST-00963,65,63,20.74,1305.85,0,0,3.0,2,Month-to-month,DSL,Mailed check,No,0
CUST-00964,30,3,51.7,148.04,3,0,9.0,2,Two year,DSL,Bank transfer,No,0
CUST-00965,72,26,102.65,2793.41,4,1,7.0,1,Month-to-month,Fiber optic,Bank transfer,No,1
CUST-00966,51,54,107.23,5430.01,1,0,9.0,2,Month-to-month,No,Mailed check,Yes,0
CUST-00967,52,39,88.17,3663.76,4,2,8.0,2,Two year,Fiber optic,Mailed check,Yes,0
CUST-00968,36,18,53.14,907.5,1,0,7.0,3,Month-to-month,No,Credit card,Yes,0
CUST-00969,70,38,54.14,2117.0,0,3,2.0,3,Two year,Fiber optic,Credit card,Yes,0
CUST-00970,20,63,126.34,8531.0,6,0,10.0,2,One year,DSL,Credit card,No,0
CUST-00971,35,16,68.31,1062.94,4,1,3.0,3,Month-to-month,DSL,Bank transfer,No,1
CUST-00972,41,54,69.18,3329.4,2,0,3.0,3,Month-to-month,Fiber optic,Mailed check,No,0
CUST-00973,45,53,80.76,4316.69,2,0,2.0,1,Month-to-month,Fiber optic,Bank transfer,Yes,1
CUST-00974,45,64,65.05,4658.2,4,0,1.0,4,Two year,Fiber optic,Mailed check,Yes,0
CUST-00975,26,21,80.79,1887.55,4,1,4.0,4,Month-to-month,Fiber optic,Mailed check,Yes,1
CUST-00976,30,15,67.56,945.55,0,2,9.0,2,One year,Fiber optic,Bank transfer,Yes,0
CUST-00977,23,39,110.94,4592.17,2,0,9.0,4,Two year,DSL,Mailed check,Yes,0
CUST-00978,50,38,120.0,4390.32,4,0,5.0,2,One year,Fiber optic,Mailed check,No,1
CUST-00979,37,29,122.53,3263.65,4,0,4.0,1,Month-to-month,Fiber optic,Bank transfer,Yes,1
CUST-00980,50,56,82.07,4778.93,5,2,4.0,4,One year,No,Credit card,No,0
CUST-00981,51,58,68.64,3981.95,2,1,10.0,2,One year,DSL,Credit card,No,0
CUST-00982,58,17,97.58,1674.48,3,1,1.0,2,Month-to-month,No,Electronic check,Yes,1
CUST-00983,49,58,112.22,7020.18,1,0,1.0,3,Two year,DSL,Credit card,Yes,0
CUST-00984,54,16,81.93,1259.45,4,0,1.0,2,Month-to-month,DSL,Credit card,No,1
CUST-00985,51,29,97.0,2925.81,4,0,9.0,2,Two year,No,Credit card,No,0
CUST-00986,55,1,102.47,99.18,1,1,1.0,4,Month-to-month,No,Bank transfer,Yes,1
CUST-00987,53,24,94.4,2016.96,1,0,10.0,2,Month-to-month,No,Credit card,No,0
CUST-00988,36,69,102.07,6836.64,2,0,2.0,3,One year,DSL,Credit card,Yes,0
CUST-00989,32,32,42.95,1522.85,5,1,6.0,3,Month-to-month,DSL,Mailed check,Yes,0
CUST-00990,62,51,74.82,,5,1,10.0,4,Month-to-month,Fiber optic,Bank transfer,Yes,0
CUST-00991,37,7,84.71,537.22,6,0,,2,Month-to-month,No,Electronic check,Yes,1
CUST-00992,49,46,20.27,974.45,0,2,3.0,2,Two year,Fiber optic,Electronic check,Yes,0
CUST-00993,29,27,114.16,3425.11,2,0,8.0,4,Month-to-month,DSL,Mailed check,No,1
CUST-00994,42,54,87.1,5163.9,5,0,9.0,2,One year,Fiber optic,Electronic check,Yes,0
CUST-00995,48,67,34.2,2330.97,1,1,10.0,2,One year,DSL,Bank transfer,Yes,0
CUST-00996,53,38,109.8,4048.51,1,2,1.0,1,Month-to-month,DSL,Mailed check,No,1
CUST-00997,48,7,98.88,705.56,5,0,8.0,2,Month-to-month,Fiber optic,Electronic check,Yes,1
CUST-00998,38,34,103.41,3782.53,1,0,4.0,1,Month-to-month,DSL,Electronic check,Yes,1
CUST-00999,72,8,63.12,548.74,2,0,6.0,2,Two year,Fiber optic,Credit card,Yes,0
CUST-01000,47,32,113.96,3925.78,1,2,10.0,3,One year,Fiber optic,Credit card,Yes,0
CUST-01001,64,4,65.54,259.36,1,1,10.0,3,Two year,Fiber optic,Electronic check,Yes,0
CUST-01002,59,46,82.76,3458.72,1,1,2.0,1,One year,Fiber optic,Credit card,No,0
CUST-01003,49,22,20.07,448.87,4,0,5.0,2,Two year,No,Credit card,No,0
CUST-01004,68,14,90.94,1168.18,3,1,3.0,2,Two year,Fiber optic,Electronic check,Yes,1
CUST-01005,25,1,99.0,88.57,3,0,7.0,1,Month-to-month,No,Bank transfer,Yes,1
CUST-01006,70,64,82.38,5270.63,2,1,9.0,2,Two year,Fiber optic,Bank transfer,No,0
CUST-01007,66,61,74.62,4721.56,3,0,4.0,3,Month-to-month,Fiber optic,Mailed check,Yes,0
CUST-01008,46,59,109.09,6983.37,5,1,2.0,1,Month-to-month,No,Bank transfer,Yes,1
CUST-01009,59,4,94.95,405.58,1,0,1.0,2,Month-to-month,DSL,Mailed check,Yes,1
CUST-01010,47,25,50.59,1373.19,2,0,1.0,2,Month-to-month,DSL,Mailed check,No,1
CUST-01011,33,70,125.5,9333.33,5,0,4.0,1,Month-to-month,No,Electronic check,No,1
CUST-01012,63,42,97.8,4307.96,2,0,10.0,3,Month-to-month,Fiber optic,Mailed check,Yes,0
CUST-01013,32,9,128.67,1021.88,3,0,3.0,3,Month-to-month,DSL,Electronic check,Yes,1
CUST-01014,35,10,126.84,1306.79,3,1,5.0,2,Two year,No,Bank transfer,No,1
CUST-01015,47,19,121.08,2090.98,2,2,7.0,1,Month-to-month,DSL,Electronic check,Yes,1
CUST-01016,65,70,103.09,6451.95,1,4,7.0,4,Month-to-month,Fiber optic,Electronic check,Yes,1
CUST-01017,39,12,87.04,958.35,4,0,3.0,1,One year,Fiber optic,Credit card,No,1
CUST-01018,46,65,38.94,2727.49,2,1,2.0,1,One year,Fiber optic,Credit card,Yes,0
CUST-01019,20,49,79.77,4137.48,3,2,2.0,1,Two year,Fiber optic,Credit card,Yes,0
CUST-01020,24,67,104.19,7732.59,0,0,3.0,1,Month-to-month,DSL,Bank transfer,No,0
CUST-01021,21,60,77.29,5170.49,3,1,1.0,4,Month-to-month,No,Mailed check,No,0
CUST-01022,22,24,115.51,3033.91,2,2,5.0,4,Two year,No,Bank transfer,Yes,0
CUST-01023,67,60,32.06,1754.14,1,0,7.0,3,Month-to-month,DSL,Credit card,Yes,0
CUST-01024,65,12,61.9,810.26,2,1,7.0,4,One year,DSL,Bank transfer,Yes,0
CUST-01025,64,21,75.66,1717.99,2,1,10.0,3,Month-to-month,Fiber optic,Electronic check,Yes,0
CUST-01026,21,15,67.56,1103.65,2,0,3.0,2,Month-to-month,DSL,Credit card,Yes,1
CUST-01027,22,9,31.94,263.43,1,0,7.0,3,Two year,No,Mailed check,Yes,0
CUST-01028,33,6,36.89,200.98,3,0,9.0,2,Month-to-month,No,Bank transfer,Yes,0
CUST-01029,50,13,112.14,1606.1,1,0,1.0,4,Month-to-month,DSL,Bank transfer,Yes,1
CUST-01030,37,8,73.28,540.35,0,1,8.0,4,One year,No,Mailed check,Yes,0
CUST-01031,45,27,25.36,663.13,3,2,1.0,4,Month-to-month,No,Electronic check,Yes,1
CUST-01032,27,5,21.81,107.9,1,1,6.0,3,Month-to-month,Fiber optic,Bank transfer,Yes,0
CUST-01033,59,4,72.08,262.33,1,1,9.0,3,Month-to-month,No,Bank transfer,No,0
CUST-01034,35,72,38.08,2426.33,3,0,5.0,1,Month-to-month,DSL,Bank transfer,Yes,0
CUST-01035,21,6,97.56,654.77,3,1,6.0,3,One year,No,Bank transfer,No,0
CUST-01036,60,5,107.49,586.03,2,0,7.0,1,Month-to-month,DSL,Mailed check,Yes,1
CUST-01037,69,2,45.11,99.15,0,1,6.0,3,Month-to-month,Fiber optic,Electronic check,No,1
CUST-01038,18,9,85.14,726.64,2,0,8.0,1,Month-to-month,Fiber optic,Bank transfer,Yes,1
CUST-01039,42,38,36.99,1311.2,3,0,9.0,2,Two year,DSL,Mailed check,No,0
CUST-01040,65,60,53.39,3146.41,3,0,2.0,4,Month-to-month,Fiber optic,Electronic check,No,0
CUST-01041,58,53,117.77,6171.88,0,1,5.0,2,Two year,Fiber optic,Credit card,Yes,0
CUST-01042,66,42,79.85,2955.76,3,0,9.0,3,Month-to-month,Fiber optic,Electronic check,No,0
CUST-01043,41,6,117.45,751.93,3,2,4.0,2,Month-to-month,Fiber optic,Credit card,No,1
CUST-01044,39,56,44.78,2806.6,4,1,5.0,2,One year,DSL,Credit card,No,0
CUST-01045,58,2,56.3,113.38,2,2,8.0,1,Month-to-month,DSL,Credit card,Yes,1
CUST-01046,26,46,71.8,3214.23,2,0,10.0,1,One year,DSL,Credit card,Yes,0
CUST-01047,31,29,72.81,2057.14,0,0,3.0,2,Two year,No,Credit card,No,0
CUST-01048,52,64,129.74,7498.42,3,1,10.0,1,Two year,Fiber optic,Credit card,Yes,0
CUST-01049,56,22,32.59,676.74,4,1,8.0,4,Month-to-month,Fiber optic,Credit card,Yes,0
CUST-01050,24,46,113.72,5233.8,3,1,1.0,3,One year,Fiber optic,Electronic check,Yes,1
CUST-01051,46,32,115.01,3620.12,5,0,9.0,1,Month-to-month,Fiber optic,Electronic check,Yes,1
CUST-01052,38,38,80.85,3105.51,2,0,4.0,4,One year,DSL,Electronic check,No,0
CUST-01053,46,68,57.84,4262.62,1,1,3.0,2,Month-to-month,DSL,Credit card,No,0
CUST-01054,72,52,77.11,3745.31,4,0,6.0,3,Month-to-month,Fiber optic,Bank transfer,No,1
CUST-01055,22,30,52.17,1387.68,1,3,6.0,3,Month-to-month,DSL,Bank transfer,No,0
CUST-01056,74,32,107.9,3070.14,0,0,6.0,4,Month-to-month,No,Bank transfer,No,0
CUST-01057,43,51,74.81,3480.33,1,1,1.0,1,One year,DSL,Mailed check,No,0
CUST-01058,62,25,121.84,3097.53,2,2,9.0,2,Month-to-month,Fiber optic,Bank transfer,Yes,1
CUST-01059,42,12,88.5,1140.55,0,0,4.0,2,Month-to-month,Fiber optic,Bank transfer,No,1
CUST-01060,35,34,76.58,2845.43,1,2,2.0,3,One year,Fiber optic,Credit card,No,0
CUST-01061,61,4,98.22,405.62,8,2,6.0,4,Month-to-month,No,Mailed check,No,1
CUST-01062,57,12,75.43,884.12,2,1,7.0,2,Two year,Fiber optic,Credit card,No,0
CUST-01063,26,30,119.5,3287.74,3,2,2.0,2,Month-to-month,DSL,Mailed check,Yes,1
CUST-01064,58,58,40.29,2281.53,1,2,10.0,1,Month-to-month,Fiber optic,Credit card,Yes,0
CUST-01065,60,57,127.07,6951.67,4,2,7.0,3,Month-to-month,DSL,Mailed check,Yes,1
CUST-01066,40,19,109.34,2261.95,4,0,10.0,2,Month-to-month,DSL,Credit card,No,1
CUST-01067,70,30,114.68,3429.43,4,0,7.0,3,Month-to-month,Fiber optic,Credit card,Yes,1
CUST-01068,54,11,73.12,751.47,7,1,1.0,4,One year,DSL,Credit card,Yes,1
CUST-01069,37,55,112.09,5852.46,1,0,3.0,3,Month-to-month,DSL,Bank transfer,Yes,1
CUST-01070,18,17,53.75,834.03,7,3,10.0,1,Two year,Fiber optic,Electronic check,Yes,0
CUST-01071,56,58,103.81,6625.85,2,0,6.0,4,Month-to-month,Fiber optic,Bank transfer,Yes,0
CUST-01072,29,61,35.45,,3,0,2.0,2,One year,No,Credit card,Yes,0
CUST-01073,61,50,53.78,2374.61,4,1,1.0,2,Month-to-month,DSL,Credit card,Yes,1
CUST-01074,47,24,69.03,1530.67,4,0,6.0,4,Month-to-month,Fiber optic,Electronic check,Yes,0
CUST-01075,44,69,55.46,4112.25,1,1,6.0,3,Month-to-month,Fiber optic,Mailed check,No,0
CUST-01076,27,50,62.57,3146.12,2,1,3.0,4,Month-to-month,No,Credit card,Yes,0
CUST-01077,58,47,110.21,5336.31,1,1,2.0,4,One year,DSL,Credit card,No,0
CUST-01078,27,62,48.23,2888.16,1,0,,2,Month-to-month,Fiber optic,Bank transfer,Yes,0
CUST-01079,41,64,101.98,5851.09,1,2,5.0,4,Month-to-month,Fiber optic,Credit card,Yes,0
CUST-01080,65,5,28.11,152.56,4,0,1.0,1,Two year,DSL,Credit card,Yes,0
CUST-01081,70,64,104.23,6177.45,1,1,,4,Month-to-month,DSL,Bank transfer,Yes,0
CUST-01082,74,55,107.12,5231.35,4,0,3.0,4,Month-to-month,Fiber optic,Mailed check,Yes,1
CUST-01083,72,15,64.19,979.65,2,0,6.0,1,Month-to-month,DSL,Electronic check,Yes,1
CUST-01084,49,22,99.47,1969.48,3,0,4.0,1,Month-to-month,DSL,Bank transfer,Yes,1
CUST-01085,29,54,120.67,5884.0,4,0,1.0,1,Month-to-month,Fiber optic,Bank transfer,No,1
CUST-01086,65,15,108.08,1738.07,4,0,10.0,2,One year,DSL,Electronic check,Yes,0
CUST-01087,63,33,62.95,2073.17,2,1,7.0,4,One year,DSL,Electronic check,Yes,0
CUST-01088,74,50,73.26,3435.75,5,0,6.0,1,One year,Fiber optic,Mailed check,No,0
CUST-01089,55,47,105.73,4788.78,1,0,3.0,1,Month-to-month,No,Mailed check,Yes,1
CUST-01090,26,66,52.19,3634.05,4,1,8.0,2,Month-to-month,Fiber optic,Bank transfer,Yes,0
CUST-01091,46,8,108.43,777.16,5,0,10.0,2,One year,DSL,Bank transfer,Yes,0
CUST-01092,43,21,56.09,1069.47,4,1,7.0,3,Month-to-month,DSL,Bank transfer,No,0
CUST-01093,66,71,108.66,7930.13,4,1,3.0,3,Month-to-month,No,Credit card,Yes,1
CUST-01094,40,41,29.55,1242.65,1,0,4.0,4,Month-to-month,Fiber optic,Bank transfer,No,0
CUST-01095,36,18,24.88,498.62,1,0,10.0,2,One year,Fiber optic,Electronic check,Yes,0
CUST-01096,22,21,129.74,2642.51,3,1,1.0,2,Month-to-month,DSL,Bank transfer,Yes,1
CUST-01097,65,24,115.64,2485.66,1,0,3.0,1,Two year,DSL,Credit card,No,1
CUST-01098,61,40,117.11,4726.6,1,0,2.0,4,Month-to-month,DSL,Credit card,Yes,1
CUST-01099,20,20,124.64,2575.57,2,1,,1,Two year,No,Electronic check,No,1
CUST-01100,42,45,68.21,2803.96,1,0,5.0,3,Month-to-month,No,Mailed check,No,0
CUST-01101,45,32,51.55,1670.53,3,2,2.0,4,One year,DSL,Credit card,Yes,0
CUST-01102,44,44,34.3,1399.73,2,1,10.0,3,Month-to-month,Fiber optic,Credit card,Yes,0
CUST-01103,70,11,75.13,894.8,3,1,6.0,3,Two year,No,Mailed check,Yes,0
CUST-01104,26,45,44.21,2149.48,0,1,3.0,1,Month-to-month,No,Credit card,Yes,0
CUST-01105,35,67,122.91,8095.89,2,1,10.0,3,Two year,Fiber optic,Credit card,Yes,0
CUST-01106,28,9,20.44,204.57,2,0,7.0,1,One year,DSL,Mailed check,Yes,0
CUST-01107,31,23,35.75,916.93,4,0,2.0,3,One year,No,Mailed check,No,0
CUST-01108,69,50,47.11,2145.91,3,1,9.0,3,Month-to-month,DSL,Mailed check,No,0
CUST-01109,71,45,41.89,1825.2,2,1,1.0,2,Month-to-month,DSL,Credit card,No,1
CUST-01110,20,49,44.84,2250.06,1,1,10.0,3,Two year,DSL,Electronic check,Yes,0
CUST-01111,54,40,92.17,3319.45,1,0,4.0,3,Two year,Fiber optic,Bank transfer,Yes,0
CUST-01112,31,49,56.03,2668.15,2,1,3.0,1,Month-to-month,DSL,Credit card,Yes,0
CUST-01113,28,44,87.65,3635.54,3,1,1.0,2,Month-to-month,Fiber optic,Bank transfer,Yes,1
CUST-01114,34,5,117.93,653.62,3,1,10.0,2,Month-to-month,No,Electronic check,Yes,1
CUST-01115,29,54,86.28,4560.26,2,0,6.0,1,Month-to-month,Fiber optic,Bank transfer,Yes,0
CUST-01116,45,32,96.4,3279.27,3,0,7.0,2,Month-to-month,No,Bank transfer,No,0
CUST-01117,74,3,60.21,175.72,2,2,9.0,1,Two year,No,Electronic check,Yes,0
CUST-01118,51,29,37.57,993.25,3,1,6.0,2,Month-to-month,Fiber optic,Mailed check,No,0
CUST-01119,59,31,55.26,1862.36,2,1,3.0,1,Two year,Fiber optic,Bank transfer,Yes,0
CUST-01120,46,6,126.07,665.73,1,2,8.0,1,Two year,No,Mailed check,Yes,1
CUST-01121,18,72,88.4,5686.48,2,0,6.0,4,Month-to-month,Fiber optic,Mailed check,No,0
CUST-01122,22,16,50.53,782.17,5,1,3.0,1,Month-to-month,DSL,Mailed check,Yes,1
CUST-01123,33,24,69.6,,1,2,9.0,1,Month-to-month,No,Mailed check,Yes,0
CUST-01124,31,32,111.91,3445.07,1,0,9.0,2,Month-to-month,Fiber optic,Bank transfer,No,0
CUST-01125,65,60,93.53,5027.7,1,0,3.0,1,One year,No,Electronic check,Yes,0
CUST-01126,66,54,81.67,4217.37,1,1,7.0,4,One year,Fiber optic,Electronic check,Yes,0
CUST-01127,66,56,117.37,6170.44,1,1,10.0,4,Month-to-month,DSL,Credit card,Yes,0
CUST-01128,54,17,93.97,1407.87,0,1,8.0,4,Two year,Fiber optic,Electronic check,No,0
CUST-01129,49,61,90.7,5578.91,1,0,2.0,4,Month-to-month,Fiber optic,Electronic check,Yes,0
CUST-01130,55,60,40.87,2226.59,1,1,9.0,1,Month-to-month,Fiber optic,Electronic check,Yes,0
CUST-01131,41,33,31.7,992.75,2,1,1.0,3,Two year,No,Bank transfer,No,0
CUST-01132,56,39,126.17,5087.37,3,1,7.0,1,Month-to-month,Fiber optic,Bank transfer,Yes,1
CUST-01133,63,2,85.87,181.02,2,1,6.0,2,Month-to-month,DSL,Bank transfer,Yes,1
CUST-01134,61,55,65.73,3409.92,3,1,1.0,2,Month-to-month,Fiber optic,Credit card,No,1
CUST-01135,52,70,84.79,5691.99,3,0,8.0,3,Month-to-month,DSL,Mailed check,Yes,0
CUST-01136,21,34,26.8,855.85,5,1,3.0,2,Month-to-month,Fiber optic,Credit card,No,1
CUST-01137,59,39,110.43,4779.02,3,1,9.0,2,One year,DSL,Credit card,No,0
CUST-01138,38,36,43.83,1460.68,0,0,9.0,4,Month-to-month,DSL,Electronic check,No,0
CUST-01139,60,6,108.5,601.5,2,1,6.0,1,One year,No,Electronic check,Yes,1
CUST-01140,48,45,78.78,3498.33,3,2,7.0,2,Month-to-month,DSL,Electronic check,Yes,1
CUST-01141,68,52,50.42,2426.34,2,0,1.0,2,Month-to-month,Fiber optic,Mailed check,No,1
CUST-01142,37,67,23.32,1433.71,4,2,9.0,4,Two year,Fiber optic,Electronic check,Yes,0
CUST-01143,71,67,109.74,6639.46,1,0,7.0,3,One year,DSL,Mailed check,Yes,0
CUST-01144,66,35,39.41,1425.75,0,0,4.0,1,One year,No,Mailed check,Yes,0
CUST-01145,36,70,25.7,1847.39,1,2,1.0,1,Month-to-month,DSL,Mailed check,Yes,0
CUST-01146,45,38,103.15,4060.96,2,1,6.0,4,Month-to-month,Fiber optic,Bank transfer,No,1
CUST-01147,48,46,58.5,2867.51,1,1,10.0,4,Two year,Fiber optic,Electronic check,No,0
CUST-01148,61,43,62.83,2589.1,2,0,9.0,4,Two year,Fiber optic,Electronic check,Yes,0
CUST-01149,57,72,47.18,3738.09,3,0,1.0,1,One year,DSL,Mailed check,Yes,0
CUST-01150,66,53,114.51,6408.71,1,1,8.0,3,Month-to-month,No,Bank transfer,Yes,0
CUST-01151,39,8,52.71,452.52,4,0,1.0,3,Month-to-month,No,Bank transfer,Yes,1
CUST-01152,46,5,43.12,227.03,1,1,4.0,4,Month-to-month,Fiber optic,Electronic check,Yes,1
CUST-01153,42,29,54.02,1513.36,1,0,5.0,2,Month-to-month,Fiber optic,Bank transfer,No,0
CUST-01154,69,37,42.35,1485.36,1,0,1.0,2,Month-to-month,Fiber optic,Bank transfer,Yes,0
CUST-01155,35,48,54.94,2588.08,3,0,2.0,3,Month-to-month,Fiber optic,Credit card,No,0
CUST-01156,51,35,29.12,920.63,1,0,9.0,1,Month-to-month,Fiber optic,Mailed check,Yes,0
CUST-01157,24,37,37.44,1369.08,5,0,7.0,3,One year,DSL,Bank transfer,Yes,0
CUST-01158,66,67,65.88,3929.99,1,0,8.0,2,One year,Fiber optic,Bank transfer,No,0
CUST-01159,39,24,116.74,2468.2,0,0,6.0,1,One year,DSL,Bank transfer,Yes,0
CUST-01160,37,36,26.3,1044.85,4,2,5.0,4,Month-to-month,DSL,Electronic check,Yes,0
CUST-01161,51,40,43.39,1814.47,2,1,1.0,2,Month-to-month,Fiber optic,Electronic check,Yes,1
CUST-01162,46,34,119.92,4137.8,2,2,6.0,4,Two year,DSL,Electronic check,Yes,0
CUST-01163,66,70,117.9,7938.27,1,1,8.0,2,Month-to-month,Fiber optic,Electronic check,Yes,0
CUST-01164,48,70,94.74,6744.07,0,0,3.0,2,Two year,Fiber optic,Electronic check,No,0
CUST-01165,47,37,46.45,1880.17,1,1,5.0,2,Month-to-month,DSL,Electronic check,Yes,0
CUST-01166,23,32,66.18,2195.21,2,1,5.0,3,One year,DSL,Mailed check,Yes,0
CUST-01167,19,42,43.23,1860.32,3,0,9.0,1,Month-to-month,DSL,Electronic check,Yes,0
CUST-01168,40,13,34.14,439.58,1,1,2.0,1,One year,Fiber optic,Credit card,No,0
CUST-01169,74,31,61.8,1844.85,1,1,2.0,1,Two year,DSL,Electronic check,Yes,0
CUST-01170,70,15,83.34,1309.67,1,1,3.0,1,Month-to-month,Fiber optic,Bank transfer,No,1
CUST-01171,53,10,59.59,664.69,2,1,2.0,2,One year,Fiber optic,Credit card,Yes,1
CUST-01172,53,6,87.19,513.69,0,0,9.0,3,Two year,Fiber optic,Credit card,No,0
CUST-01173,40,42,52.59,2151.64,1,1,3.0,4,One year,DSL,Mailed check,No,0
CUST-01174,28,0,58.04,57.04,1,0,4.0,2,Month-to-month,DSL,Bank transfer,No,0
CUST-01175,18,47,106.97,4937.75,1,0,3.0,2,Month-to-month,DSL,Credit card,No,0
CUST-01176,37,31,116.61,4040.57,2,2,9.0,1,Two year,DSL,Bank transfer,Yes,0
CUST-01177,36,26,55.42,1512.43,4,1,7.0,1,One year,No,Bank transfer,Yes,0
CUST-01178,28,56,82.87,4483.88,2,1,5.0,4,Two year,DSL,Bank transfer,Yes,0
CUST-01179,32,39,50.6,1912.54,1,0,8.0,3,Month-to-month,DSL,Mailed check,Yes,0
CUST-01180,19,53,25.87,1348.34,6,2,1.0,3,One year,No,Mailed check,Yes,0
CUST-01181,52,51,101.16,4585.52,5,0,7.0,2,Two year,No,Bank transfer,No,0
CUST-01182,70,2,38.81,78.14,1,1,4.0,3,Two year,Fiber optic,Credit card,Yes,0
CUST-01183,57,15,66.83,1077.36,1,0,4.0,4,One year,Fiber optic,Mailed check,No,0
CUST-01184,43,41,73.58,3133.04,2,1,2.0,1,Month-to-month,DSL,Bank transfer,No,1
CUST-01185,41,71,40.29,2653.54,0,0,1.0,2,One year,No,Bank transfer,Yes,0
CUST-01186,35,11,30.4,352.7,1,0,7.0,1,One year,Fiber optic,Mailed check,Yes,0
CUST-01187,26,7,58.28,429.45,0,0,9.0,1,Month-to-month,Fiber optic,Bank transfer,Yes,0
CUST-01188,52,68,124.75,7999.55,2,1,10.0,3,Month-to-month,DSL,Electronic check,Yes,0
CUST-01189,50,70,87.66,6317.16,3,0,3.0,3,Two year,Fiber optic,Credit card,Yes,0
CUST-01190,18,12,61.96,763.32,2,1,8.0,4,Month-to-month,Fiber optic,Electronic check,Yes,0
CUST-01191,41,29,24.28,761.54,5,0,2.0,1,Month-to-month,DSL,Credit card,No,1
CUST-01192,33,45,86.03,3533.22,0,1,8.0,1,One year,Fiber optic,Electronic check,Yes,0
CUST-01193,27,14,30.15,391.19,0,1,6.0,3,Two year,DSL,Bank transfer,Yes,0
CUST-01194,58,23,79.68,1826.47,2,2,9.0,4,One year,Fiber optic,Electronic check,Yes,0
CUST-01195,47,28,102.71,2561.24,2,1,1.0,4,Month-to-month,DSL,Credit card,Yes,1
CUST-01196,54,46,66.59,3001.09,1,0,8.0,4,Month-to-month,No,Electronic check,Yes,0
CUST-01197,58,22,52.94,1245.24,3,0,5.0,4,Month-to-month,Fiber optic,Bank transfer,No,0
CUST-01198,73,30,25.21,692.54,2,3,6.0,4,Month-to-month,Fiber optic,Mailed check,Yes,0
CUST-01199,63,21,22.73,472.74,1,0,6.0,2,Two year,Fiber optic,Mailed check,Yes,0
CUST-01200,53,55,67.3,4136.59,1,3,8.0,3,Month-to-month,Fiber optic,Bank transfer,No,0
CUST-01201,68,11,117.17,1290.7,1,1,6.0,3,Month-to-month,DSL,Credit card,Yes,1
CUST-01202,45,16,46.85,749.3,2,3,5.0,2,Two year,Fiber optic,Bank transfer,Yes,0
CUST-01203,74,18,83.15,1517.82,3,0,5.0,4,Month-to-month,DSL,Electronic check,No,1
CUST-01204,61,66,95.27,5813.98,2,4,1.0,4,Month-to-month,DSL,Electronic check,No,1
CUST-01205,55,68,26.69,1661.23,3,1,8.0,3,Month-to-month,No,Mailed check,Yes,0
CUST-01206,69,36,36.84,1382.69,1,0,8.0,2,Month-to-month,DSL,Electronic check,Yes,0
CUST-01207,47,11,56.44,605.31,1,1,6.0,4,Month-to-month,No,Bank transfer,No,0
CUST-01208,59,55,93.71,4894.17,0,0,8.0,1,Two year,No,Electronic check,Yes,0
CUST-01209,34,35,68.29,2121.34,3,1,3.0,1,Two year,Fiber optic,Mailed check,Yes,1
CUST-01210,72,62,100.76,6765.96,2,1,3.0,2,One year,DSL,Electronic check,No,0
CUST-01211,53,26,115.44,2664.56,2,1,10.0,1,One year,Fiber optic,Credit card,No,0
CUST-01212,62,72,103.42,7892.98,1,1,10.0,2,Month-to-month,No,Bank transfer,Yes,0
CUST-01213,44,58,129.15,7278.54,1,0,9.0,2,Two year,Fiber optic,Credit card,Yes,0
CUST-01214,67,16,102.98,1686.71,2,0,1.0,3,Month-to-month,DSL,Electronic check,Yes,1
CUST-01215,22,52,113.74,5556.32,5,0,6.0,2,Month-to-month,DSL,Electronic check,No,0
CUST-01216,24,20,111.56,2046.67,3,0,8.0,4,Month-to-month,Fiber optic,Electronic check,No,0
CUST-01217,46,25,100.33,2528.35,1,0,1.0,2,Month-to-month,DSL,Credit card,No,1
CUST-01218,59,18,108.2,2039.04,2,0,10.0,2,Month-to-month,DSL,Credit card,Yes,0
CUST-01219,64,49,122.82,5578.36,1,1,8.0,3,Month-to-month,Fiber optic,Mailed check,No,0
CUST-01220,43,19,72.27,1352.16,1,0,4.0,2,Month-to-month,Fiber optic,Mailed check,Yes,1
CUST-01221,55,46,90.21,4094.54,6,0,6.0,3,Month-to-month,DSL,Mailed check,Yes,1
CUST-01222,49,42,76.64,2999.47,2,0,10.0,4,Month-to-month,No,Electronic check,No,0
CUST-01223,72,54,113.61,6230.72,1,1,9.0,2,One year,DSL,Credit card,Yes,0
CUST-01224,55,72,67.45,4443.73,0,1,9.0,1,Month-to-month,DSL,Credit card,Yes,0
CUST-01225,41,0,110.17,110.43,2,0,10.0,1,One year,DSL,Credit card,Yes,0
CUST-01226,73,72,107.93,7050.0,0,0,8.0,1,Month-to-month,DSL,Credit card,No,0
CUST-01227,24,7,125.81,877.61,2,1,10.0,2,Month-to-month,Fiber optic,Credit card,Yes,1
CUST-01228,74,38,47.38,1719.03,4,2,10.0,4,One year,DSL,Credit card,Yes,0
CUST-01229,26,24,98.06,2326.47,3,1,1.0,2,One year,No,Credit card,Yes,1
CUST-01230,34,46,103.26,4674.43,1,0,7.0,4,Month-to-month,No,Credit card,No,0
CUST-01231,64,52,122.99,7021.62,0,0,4.0,4,Month-to-month,DSL,Electronic check,No,0
CUST-01232,59,62,119.76,7407.18,1,2,5.0,3,Two year,Fiber optic,Credit card,Yes,0
CUST-01233,73,29,83.09,2593.8,3,0,2.0,4,Month-to-month,Fiber optic,Electronic check,No,1
CUST-01234,60,68,83.71,5317.48,3,0,7.0,2,Month-to-month,No,Mailed check,Yes,0
CUST-01235,54,23,38.4,851.85,1,1,9.0,4,Month-to-month,DSL,Mailed check,Yes,0
CUST-01236,37,14,127.25,1599.83,1,0,5.0,3,Two year,Fiber optic,Electronic check,Yes,0
CUST-01237,18,27,48.05,1272.67,1,0,7.0,1,Month-to-month,DSL,Mailed check,Yes,0
CUST-01238,25,38,99.72,3942.78,3,2,4.0,4,Two year,DSL,Bank transfer,Yes,0
CUST-01239,34,48,107.54,5580.86,3,1,8.0,4,One year,No,Credit card,Yes,0
CUST-01240,20,60,68.53,4176.85,3,2,1.0,4,One year,DSL,Credit card,Yes,0
CUST-01241,46,16,43.23,714.93,0,2,9.0,2,Month-to-month,Fiber optic,Electronic check,No,0
CUST-01242,62,22,40.79,827.87,0,0,4.0,1,One year,DSL,Mailed check,Yes,0
CUST-01243,72,68,114.21,6903.68,0,1,6.0,3,Month-to-month,No,Credit card,No,0
CUST-01244,45,32,76.18,2608.42,0,1,9.0,4,Month-to-month,Fiber optic,Bank transfer,No,0
CUST-01245,67,17,29.92,467.99,2,3,1.0,4,Month-to-month,DSL,Credit card,Yes,1
CUST-01246,74,71,98.87,6331.0,3,2,10.0,3,One year,Fiber optic,Mailed check,No,0
CUST-01247,67,32,47.52,1680.33,2,1,7.0,4,One year,DSL,Credit card,Yes,0
CUST-01248,44,71,116.4,9183.77,4,1,10.0,1,Two year,DSL,Credit card,Yes,0
CUST-01249,36,67,54.05,3722.39,0,0,6.0,3,Month-to-month,Fiber optic,Mailed check,No,0
CUST-01250,73,66,42.03,2693.18,0,1,3.0,1,Two year,No,Credit card,Yes,0
CUST-01251,31,42,29.33,1330.38,2,1,6.0,3,Two year,Fiber optic,Electronic check,Yes,0
CUST-01252,41,58,76.27,4110.17,0,0,6.0,1,Two year,DSL,Mailed check,No,0
CUST-01253,22,70,69.58,4788.06,3,1,10.0,3,One year,DSL,Mailed check,No,0
CUST-01254,63,19,102.64,1883.24,4,2,6.0,4,Month-to-month,Fiber optic,Credit card,Yes,1
CUST-01255,55,2,71.11,156.31,1,0,5.0,1,Two year,DSL,Electronic check,Yes,0
CUST-01256,22,23,57.82,1463.84,2,0,2.0,2,One year,Fiber optic,Credit card,No,0
CUST-01257,30,46,48.78,2325.14,2,1,4.0,1,One year,Fiber optic,Electronic check,No,0
CUST-01258,49,39,50.6,1789.04,1,2,6.0,3,Month-to-month,No,Mailed check,Yes,0
CUST-01259,48,5,122.06,607.69,2,1,4.0,4,Month-to-month,Fiber optic,Mailed check,No,1
CUST-01260,63,40,38.16,1433.1,2,1,4.0,1,Month-to-month,No,Electronic check,Yes,0
CUST-01261,33,12,128.7,1687.07,1,1,1.0,3,Month-to-month,Fiber optic,Electronic check,Yes,1
CUST-01262,70,36,55.96,1839.73,2,1,10.0,4,Month-to-month,Fiber optic,Mailed check,No,0
CUST-01263,43,42,29.72,1114.72,4,2,9.0,1,Two year,DSL,Mailed check,No,0
CUST-01264,64,46,47.36,2285.45,0,1,3.0,2,Month-to-month,Fiber optic,Mailed check,Yes,0
CUST-01265,31,30,26.43,784.01,1,0,2.0,1,Month-to-month,DSL,Electronic check,No,0
CUST-01266,20,29,106.9,3351.85,2,0,9.0,4,Month-to-month,DSL,Credit card,Yes,0
CUST-01267,21,49,76.38,3360.54,3,1,9.0,3,Month-to-month,Fiber optic,Mailed check,Yes,0
CUST-01268,39,54,57.07,3304.46,3,0,9.0,3,Month-to-month,DSL,Electronic check,No,0
CUST-01269,72,58,92.83,4786.29,2,1,6.0,4,One year,No,Bank transfer,Yes,0
CUST-01270,20,24,89.37,1901.94,1,1,8.0,4,Two year,No,Bank transfer,Yes,0
CUST-01271,39,30,123.39,3667.33,2,0,8.0,2,Month-to-month,Fiber optic,Credit card,Yes,1
CUST-01272,24,24,125.74,2815.9,2,1,3.0,3,Month-to-month,Fiber optic,Bank transfer,Yes,1
CUST-01273,71,38,94.88,3686.54,5,1,6.0,2,One year,DSL,Bank transfer,No,0
CUST-01274,56,9,109.96,877.02,1,0,3.0,3,Month-to-month,DSL,Bank transfer,Yes,1
CUST-01275,61,31,107.17,2951.82,3,0,8.0,4,One year,DSL,Electronic check,Yes,0
CUST-01276,58,13,74.04,1014.99,6,0,10.0,4,One year,Fiber optic,Credit card,No,0
CUST-01277,55,38,97.49,3446.93,1,1,1.0,4,Two year,No,Credit card,No,0
CUST-01278,62,62,28.61,1840.41,4,2,1.0,2,Month-to-month,DSL,Mailed check,No,1
CUST-01279,18,71,103.38,7780.24,4,1,3.0,4,Two year,DSL,Credit card,No,0
CUST-01280,67,32,125.8,3599.85,1,1,2.0,4,Two year,DSL,Credit card,No,0
CUST-01281,60,4,29.35,125.0,1,1,1.0,3,Month-to-month,Fiber optic,Bank transfer,No,1
CUST-01282,60,16,111.97,1691.95,3,0,10.0,1,Month-to-month,DSL,Bank transfer,Yes,0
CUST-01283,40,7,122.63,835.65,3,0,6.0,1,Month-to-month,Fiber optic,Bank transfer,Yes,1
CUST-01284,63,55,44.88,2223.52,1,0,8.0,3,Month-to-month,DSL,Mailed check,Yes,0
CUST-01285,39,71,77.73,5967.35,2,1,6.0,4,Two year,DSL,Bank transfer,No,0
CUST-01286,20,40,122.06,4953.56,0,1,8.0,4,Month-to-month,Fiber optic,Mailed check,No,0
CUST-01287,69,12,125.62,1509.13,2,0,7.0,1,Month-to-month,No,Bank transfer,No,1
CUST-01288,31,1,34.07,37.9,0,0,2.0,4,Month-to-month,DSL,Credit card,Yes,0
CUST-01289,23,71,58.39,3981.03,0,0,2.0,4,One year,DSL,Bank transfer,No,0
CUST-01290,53,23,96.8,2435.21,2,1,5.0,2,Two year,DSL,Bank transfer,Yes,0
CUST-01291,31,8,44.37,373.68,2,1,4.0,2,One year,Fiber optic,Mailed check,Yes,0
CUST-01292,66,12,55.72,737.41,1,0,9.0,2,One year,Fiber optic,Credit card,Yes,0
CUST-01293,43,18,22.56,445.82,2,0,4.0,3,Month-to-month,Fiber optic,Bank transfer,Yes,0
CUST-01294,18,47,36.89,1938.16,3,1,4.0,4,One year,Fiber optic,Bank transfer,No,0
CUST-01295,72,65,81.86,4850.55,2,1,6.0,1,Month-to-month,No,Mailed check,Yes,0
CUST-01296,47,20,91.84,1967.29,3,0,2.0,2,Month-to-month,DSL,Electronic check,Yes,1
CUST-01297,32,50,91.38,4902.9,1,1,,1,One year,DSL,Mailed check,No,0
CUST-01298,56,4,105.62,437.12,6,1,1.0,4,Two year,Fiber optic,Credit card,Yes,1
CUST-01299,48,0,65.68,62.19,3,1,9.0,2,One year,Fiber optic,Bank transfer,Yes,0
CUST-01300,19,4,50.08,222.68,2,1,7.0,2,One year,DSL,Credit card,Yes,0
CUST-01301,61,67,21.71,1351.38,3,1,9.0,1,Month-to-month,No,Mailed check,Yes,0
CUST-01302,40,42,42.73,1794.48,2,3,3.0,1,Month-to-month,Fiber optic,Bank transfer,No,0
CUST-01303,57,58,54.36,3169.14,2,0,10.0,2,Month-to-month,No,Bank transfer,Yes,0
CUST-01304,69,1,39.6,36.39,3,1,9.0,4,One year,No,Mailed check,Yes,0
CUST-01305,52,1,22.22,23.41,5,1,5.0,2,One year,Fiber optic,Bank transfer,Yes,0
CUST-01306,56,61,37.32,2051.89,3,0,3.0,2,One year,No,Mailed check,Yes,0
CUST-01307,32,7,93.27,683.15,1,0,2.0,3,Month-to-month,Fiber optic,Mailed check,Yes,1
CUST-01308,31,11,89.25,1063.89,1,1,2.0,2,Month-to-month,Fiber optic,Credit card,Yes,1
CUST-01309,41,37,122.93,4384.01,3,0,6.0,3,Month-to-month,Fiber optic,Electronic check,No,0
CUST-01310,66,44,107.8,4981.6,5,1,10.0,2,One year,No,Electronic check,Yes,0
CUST-01311,47,16,82.45,1210.53,2,1,6.0,2,Two year,Fiber optic,Bank transfer,No,0
CUST-01312,37,32,35.13,1217.5,2,0,10.0,4,Month-to-month,Fiber optic,Electronic check,No,0
CUST-01313,62,49,82.05,4456.62,1,1,8.0,4,One year,DSL,Mailed check,Yes,0
CUST-01314,66,32,26.78,785.53,5,1,7.0,3,One year,No,Credit card,Yes,0
CUST-01315,69,27,67.4,1903.6,2,1,8.0,2,Month-to-month,Fiber optic,Bank transfer,No,0
CUST-01316,35,5,62.93,315.09,1,2,10.0,4,Month-to-month,Fiber optic,Mailed check,Yes,0
CUST-01317,58,32,67.06,2162.14,1,0,9.0,2,Month-to-month,Fiber optic,Electronic check,No,0
CUST-01318,51,58,50.78,3091.2,3,0,2.0,2,Two year,Fiber optic,Credit card,Yes,0
CUST-01319,43,45,95.44,4283.19,0,1,6.0,3,Month-to-month,DSL,Bank transfer,Yes,0
CUST-01320,40,65,112.5,7488.57,3,0,5.0,2,Month-to-month,Fiber optic,Electronic check,No,1
CUST-01321,24,9,104.54,880.1,3,1,9.0,4,Month-to-month,DSL,Bank transfer,No,0
CUST-01322,33,0,89.05,86.45,2,1,3.0,1,One year,DSL,Electronic check,Yes,1
CUST-01323,49,40,79.22,3446.57,0,1,,1,Month-to-month,DSL,Electronic check,No,0
CUST-01324,68,13,23.42,275.96,0,0,5.0,2,Two year,Fiber optic,Electronic check,Yes,0
CUST-01325,67,43,99.52,4379.57,3,1,10.0,4,Month-to-month,DSL,Electronic check,Yes,0
CUST-01326,28,65,79.95,4802.99,3,1,8.0,1,Two year,DSL,Credit card,No,0
CUST-01327,56,24,49.78,1294.08,6,0,4.0,4,One year,No,Mailed check,Yes,0
CUST-01328,22,40,56.06,2284.94,3,1,9.0,1,Month-to-month,Fiber optic,Bank transfer,Yes,0
CUST-01329,56,49,122.92,5882.93,2,1,2.0,3,One year,No,Credit card,Yes,1
CUST-01330,37,10,88.68,833.55,3,0,1.0,2,One year,Fiber optic,Electronic check,No,1
CUST-01331,43,65,72.35,4631.47,5,3,6.0,1,Month-to-month,DSL,Mailed check,Yes,0
CUST-01332,58,14,88.3,1371.97,2,1,4.0,3,One year,Fiber optic,Credit card,No,0
CUST-01333,42,59,65.51,3873.63,1,1,2.0,1,One year,Fiber optic,Bank transfer,No,0
CUST-01334,64,48,71.72,3417.35,2,0,10.0,2,One year,No,Mailed check,No,0
CUST-01335,48,10,51.93,549.99,2,2,1.0,3,One year,DSL,Bank transfer,Yes,1
CUST-01336,74,52,68.38,3452.54,1,1,6.0,3,One year,No,Bank transfer,Yes,0
CUST-01337,54,14,95.42,1312.61,3,1,3.0,1,Month-to-month,Fiber optic,Mailed check,No,1
CUST-01338,34,43,24.39,1007.73,0,0,3.0,2,Month-to-month,No,Electronic check,Yes,0
CUST-01339,62,70,107.45,6891.35,0,0,3.0,3,Month-to-month,DSL,Credit card,Yes,1
CUST-01340,41,69,51.13,3709.0,3,1,4.0,3,One year,Fiber optic,Credit card,Yes,0
CUST-01341,48,63,95.08,6526.31,4,0,7.0,3,Month-to-month,DSL,Credit card,No,0
CUST-01342,25,36,90.7,3583.04,3,0,4.0,4,Month-to-month,No,Mailed check,No,0
CUST-01343,24,40,91.79,4007.16,3,0,8.0,1,One year,DSL,Bank transfer,Yes,0
CUST-01344,50,21,86.89,1803.57,3,1,5.0,4,Month-to-month,Fiber optic,Electronic check,Yes,1
CUST-01345,28,67,125.5,7972.74,1,0,,4,Month-to-month,Fiber optic,Bank transfer,No,0
CUST-01346,74,34,75.92,2666.72,4,0,5.0,4,Two year,Fiber optic,Electronic check,Yes,0
CUST-01347,66,56,100.56,6245.91,3,2,4.0,4,One year,Fiber optic,Credit card,No,0
CUST-01348,57,26,97.6,2675.88,7,0,6.0,1,One year,Fiber optic,Credit card,Yes,1
CUST-01349,59,54,45.99,2480.39,1,0,7.0,3,Month-to-month,DSL,Mailed check,Yes,0
CUST-01350,51,16,51.16,855.65,3,0,5.0,2,One year,Fiber optic,Bank transfer,Yes,0
CUST-01351,21,53,66.64,3762.94,3,1,10.0,4,Two year,Fiber optic,Mailed check,Yes,0
CUST-01352,40,3,50.55,166.91,1,0,6.0,4,Month-to-month,Fiber optic,Mailed check,Yes,0
CUST-01353,46,7,60.34,449.06,0,2,3.0,1,Month-to-month,DSL,Mailed check,No,1
CUST-01354,70,25,63.01,1549.99,1,1,1.0,4,Month-to-month,Fiber optic,Credit card,Yes,1
CUST-01355,30,35,86.43,2860.69,2,0,4.0,3,Two year,No,Electronic check,No,0
CUST-01356,46,51,44.19,2253.63,4,1,1.0,3,Month-to-month,No,Electronic check,Yes,1
CUST-01357,37,26,108.47,2703.92,5,0,1.0,2,Month-to-month,No,Mailed check,Yes,1
CUST-01358,25,1,68.13,75.37,2,1,4.0,2,Month-to-month,Fiber optic,Mailed check,Yes,1
CUST-01359,23,23,97.69,2251.17,0,1,3.0,4,Two year,DSL,Mailed check,Yes,0
CUST-01360,38,32,28.96,920.5,1,3,9.0,4,Month-to-month,Fiber optic,Credit card,Yes,0
CUST-01361,22,39,71.7,2694.42,2,0,8.0,3,Month-to-month,DSL,Mailed check,No,0
CUST-01362,21,47,23.1,1122.03,1,1,8.0,4,Two year,Fiber optic,Bank transfer,Yes,0
CUST-01363,37,18,94.35,1706.47,7,0,,1,Month-to-month,DSL,Electronic check,Yes,1
CUST-01364,29,44,57.81,2317.18,3,1,2.0,2,One year,No,Bank transfer,Yes,0
CUST-01365,49,46,124.42,6230.46,1,1,9.0,3,Month-to-month,DSL,Mailed check,No,0
CUST-01366,19,56,55.65,3010.95,2,0,5.0,1,Month-to-month,DSL,Credit card,Yes,0
CUST-01367,35,38,82.02,3066.33,3,2,5.0,2,Month-to-month,No,Mailed check,Yes,1
CUST-01368,43,59,48.31,2648.95,0,1,7.0,4,Month-to-month,DSL,Mailed check,Yes,0
CUST-01369,72,16,88.21,1429.45,5,0,2.0,3,Month-to-month,DSL,Mailed check,Yes,1
CUST-01370,54,51,71.37,3816.38,2,2,5.0,3,One year,Fiber optic,Electronic check,Yes,0
CUST-01371,68,3,60.77,198.99,1,0,7.0,1,Month-to-month,No,Electronic check,No,0
CUST-01372,37,7,42.41,264.92,1,0,7.0,1,Month-to-month,DSL,Bank transfer,Yes,0
CUST-01373,43,63,32.27,2263.96,2,0,6.0,2,One year,Fiber optic,Electronic check,Yes,0
CUST-01374,41,34,33.19,1183.66,1,1,10.0,2,Two year,DSL,Mailed check,Yes,0
CUST-01375,68,45,129.89,5542.46,1,0,10.0,1,Month-to-month,Fiber optic,Electronic check,Yes,1
CUST-01376,72,44,65.35,2671.46,1,0,1.0,3,Month-to-month,DSL,Bank transfer,No,0
CUST-01377,72,50,20.21,961.05,2,1,1.0,4,Month-to-month,Fiber optic,Credit card,No,0
CUST-01378,60,17,124.82,2313.28,3,1,,3,Two year,Fiber optic,Electronic check,Yes,1
CUST-01379,46,13,22.2,274.15,5,0,9.0,1,Two year,No,Credit card,No,0
CUST-01380,48,3,66.04,196.35,7,0,6.0,4,Month-to-month,Fiber optic,Electronic check,Yes,1
CUST-01381,73,63,98.92,6539.68,2,0,3.0,2,Month-to-month,Fiber optic,Mailed check,Yes,1
CUST-01382,34,16,120.61,2102.04,2,2,6.0,1,Month-to-month,Fiber optic,Credit card,No,1
CUST-01383,37,41,98.42,4188.79,4,1,10.0,2,One year,DSL,Bank transfer,No,0
CUST-01384,69,33,71.0,2485.33,6,3,2.0,1,Month-to-month,DSL,Credit card,Yes,1
CUST-01385,40,11,127.19,1289.4,2,0,5.0,3,Month-to-month,Fiber optic,Bank transfer,Yes,1
CUST-01386,31,30,24.33,796.01,1,1,7.0,3,Month-to-month,DSL,Electronic check,No,0
CUST-01387,49,6,128.56,729.84,1,2,4.0,3,One year,DSL,Electronic check,Yes,1
CUST-01388,36,12,113.43,1239.76,2,1,1.0,1,Two year,Fiber optic,Electronic check,Yes,1
CUST-01389,68,10,122.18,1361.45,2,1,7.0,2,Month-to-month,DSL,Credit card,Yes,1
CUST-01390,69,60,48.02,2674.89,4,1,8.0,2,Two year,DSL,Credit card,No,0
CUST-01391,35,41,35.67,1334.94,2,2,7.0,4,Month-to-month,Fiber optic,Bank transfer,Yes,0
CUST-01392,48,67,92.96,6416.7,2,0,7.0,3,One year,Fiber optic,Credit card,Yes,0
CUST-01393,74,31,76.74,2275.52,1,0,7.0,3,Two year,DSL,Bank transfer,Yes,0
CUST-01394,60,14,77.55,990.16,2,2,4.0,2,One year,Fiber optic,Electronic check,Yes,1
CUST-01395,30,44,121.71,5485.21,2,3,1.0,2,Month-to-month,DSL,Credit card,No,1
CUST-01396,51,67,88.21,6277.42,2,2,10.0,4,Month-to-month,No,Bank transfer,Yes,0
CUST-01397,53,38,54.22,2205.34,1,2,3.0,4,Two year,Fiber optic,Credit card,No,0
CUST-01398,55,1,64.01,58.72,2,1,9.0,1,One year,Fiber optic,Credit card,No,0
CUST-01399,19,22,34.68,773.37,2,0,6.0,3,Month-to-month,Fiber optic,Electronic check,Yes,0
CUST-01400,35,67,41.15,2964.61,1,0,6.0,4,One year,Fiber optic,Electronic check,No,0
CUST-01401,66,37,35.77,1215.84,1,0,1.0,1,Month-to-month,Fiber optic,Electronic check,Yes,1
CUST-01402,31,69,109.13,7001.7,3,2,10.0,3,Month-to-month,Fiber optic,Electronic check,Yes,0
CUST-01403,35,37,97.54,3177.99,2,0,6.0,2,Two year,No,Electronic check,Yes,0
CUST-01404,36,0,78.34,78.8,2,1,9.0,3,Month-to-month,No,Mailed check,Yes,0
CUST-01405,28,63,61.18,3571.91,3,0,8.0,3,Month-to-month,Fiber optic,Mailed check,Yes,0
CUST-01406,26,55,93.53,5421.0,1,0,2.0,4,Month-to-month,No,Mailed check,Yes,0
CUST-01407,37,52,109.42,6321.02,2,1,10.0,1,Two year,DSL,Bank transfer,Yes,0
CUST-01408,67,70,116.94,7613.62,3,1,6.0,1,Month-to-month,Fiber optic,Bank transfer,No,1
CUST-01409,18,14,80.17,1162.54,1,0,2.0,2,Month-to-month,Fiber optic,Bank transfer,Yes,1
CUST-01410,34,66,110.19,6769.57,1,2,6.0,4,Month-to-month,DSL,Mailed check,Yes,0
CUST-01411,21,16,76.24,1078.73,1,3,7.0,3,Month-to-month,No,Bank transfer,No,0
CUST-01412,50,70,72.2,5367.62,4,0,7.0,1,Month-to-month,No,Credit card,Yes,0
CUST-01413,32,13,115.2,1473.88,2,0,4.0,1,Month-to-month,No,Electronic check,No,1
CUST-01414,63,40,62.5,2768.07,4,2,10.0,4,Month-to-month,Fiber optic,Mailed check,No,0
CUST-01415,51,57,63.55,3652.16,1,0,3.0,1,One year,Fiber optic,Credit card,Yes,0
CUST-01416,62,5,53.54,245.69,2,0,5.0,1,Month-to-month,Fiber optic,Mailed check,Yes,1
CUST-01417,54,4,77.06,304.52,3,2,9.0,2,Month-to-month,DSL,Bank transfer,No,1
CUST-01418,42,62,79.93,4602.29,2,1,1.0,3,One year,No,Credit card,No,0
CUST-01419,67,4,92.65,404.22,2,2,5.0,2,Month-to-month,DSL,Bank transfer,No,1
CUST-01420,45,44,67.36,3099.63,1,3,5.0,1,Month-to-month,No,Bank transfer,No,1
CUST-01421,72,68,43.96,2875.38,3,0,8.0,1,Two year,Fiber optic,Bank transfer,Yes,0
CUST-01422,74,44,115.35,5109.29,1,1,8.0,2,One year,DSL,Electronic check,Yes,0
CUST-01423,51,35,58.06,2114.76,0,0,8.0,4,One year,DSL,Bank transfer,No,0
CUST-01424,56,30,121.52,3893.08,3,1,4.0,1,Month-to-month,Fiber optic,Credit card,Yes,1
CUST-01425,32,46,42.81,1770.83,3,1,5.0,3,Two year,DSL,Electronic check,Yes,0
CUST-01426,64,41,81.61,2962.57,4,0,1.0,1,Month-to-month,No,Bank transfer,Yes,1
CUST-01427,56,36,79.03,,2,1,9.0,3,Month-to-month,DSL,Electronic check,No,0
CUST-01428,69,11,111.15,1191.84,2,1,4.0,1,Two year,Fiber optic,Credit card,No,1
CUST-01429,33,48,35.27,1679.43,1,0,5.0,1,Month-to-month,DSL,Bank transfer,Yes,0
CUST-01430,62,54,120.09,5919.06,4,2,7.0,1,One year,DSL,Electronic check,Yes,1
CUST-01431,44,51,78.46,3916.14,3,1,8.0,3,Month-to-month,DSL,Credit card,Yes,0
CUST-01432,28,5,84.47,416.43,4,0,1.0,3,Month-to-month,No,Mailed check,Yes,1
CUST-01433,27,51,76.12,3517.91,0,1,8.0,1,One year,Fiber optic,Mailed check,No,0
CUST-01434,50,53,23.96,1396.87,2,1,4.0,2,Month-to-month,No,Mailed check,Yes,0
CUST-01435,36,13,74.68,993.94,2,0,5.0,2,One year,Fiber optic,Electronic check,No,0
CUST-01436,23,61,48.99,2908.45,2,1,2.0,1,Month-to-month,DSL,Electronic check,Yes,0
CUST-01437,42,38,57.7,2196.23,2,0,8.0,1,Month-to-month,DSL,Mailed check,No,0
CUST-01438,55,34,91.4,2969.02,2,0,5.0,4,One year,Fiber optic,Credit card,Yes,0
CUST-01439,36,52,74.75,4217.55,3,0,2.0,3,Month-to-month,DSL,Credit card,No,0
CUST-01440,72,37,30.25,1139.4,1,0,2.0,3,One year,DSL,Mailed check,Yes,0
CUST-01441,62,39,28.03,1091.83,3,3,8.0,2,Month-to-month,Fiber optic,Electronic check,No,0
CUST-01442,47,22,40.42,976.93,2,1,2.0,2,Month-to-month,DSL,Credit card,No,1
CUST-01443,71,67,41.0,2969.82,1,2,6.0,4,Month-to-month,Fiber optic,Credit card,Yes,0
CUST-01444,42,70,86.91,6540.42,2,1,7.0,2,One year,Fiber optic,Mailed check,No,0
CUST-01445,25,9,39.56,332.59,4,0,10.0,1,Month-to-month,Fiber optic,Bank transfer,Yes,0
CUST-01446,20,53,116.99,5684.28,1,2,2.0,2,Month-to-month,Fiber optic,Credit card,Yes,1
CUST-01447,71,1,43.07,45.03,2,0,3.0,3,Two year,Fiber optic,Mailed check,Yes,0
CUST-01448,72,26,30.02,774.65,4,0,2.0,3,Month-to-month,Fiber optic,Bank transfer,Yes,1
CUST-01449,60,70,116.33,8502.14,5,1,9.0,3,One year,DSL,Electronic check,No,0
CUST-01450,23,12,52.49,669.28,1,0,6.0,4,Month-to-month,DSL,Bank transfer,No,0
CUST-01451,34,27,66.8,1715.0,0,0,10.0,1,Month-to-month,DSL,Credit card,Yes,0
CUST-01452,20,16,125.49,1904.07,2,4,1.0,3,Month-to-month,Fiber optic,Bank transfer,No,1
CUST-01453,20,53,123.88,6551.19,1,1,8.0,4,Month-to-month,Fiber optic,Credit card,Yes,0
CUST-01454,32,33,98.64,3078.21,4,0,1.0,4,One year,Fiber optic,Bank transfer,Yes,1
CUST-01455,50,43,27.58,1233.56,2,1,2.0,4,Month-to-month,DSL,Electronic check,No,0
CUST-01456,21,68,85.27,6141.71,1,0,5.0,3,Month-to-month,DSL,Mailed check,Yes,0
CUST-01457,74,38,128.8,4861.56,1,1,4.0,1,One year,DSL,Mailed check,Yes,1
CUST-01458,43,53,124.16,6933.93,1,0,4.0,4,One year,No,Credit card,Yes,0
CUST-01459,33,7,31.66,222.18,0,0,1.0,1,Month-to-month,DSL,Bank transfer,Yes,1
CUST-01460,47,15,63.56,1002.11,3,0,6.0,3,Month-to-month,Fiber optic,Bank transfer,Yes,1
CUST-01461,63,69,54.71,3525.81,3,0,4.0,2,Month-to-month,DSL,Bank transfer,Yes,0
CUST-01462,35,62,34.27,2246.54,4,0,10.0,3,Two year,Fiber optic,Bank transfer,Yes,0
CUST-01463,20,47,96.43,4766.21,2,1,8.0,4,One year,Fiber optic,Electronic check,No,0
CUST-01464,20,27,50.12,1277.44,4,0,5.0,3,One year,DSL,Bank transfer,Yes,0
CUST-01465,66,14,57.94,822.06,1,0,8.0,1,Month-to-month,Fiber optic,Bank transfer,No,0
CUST-01466,24,62,29.94,2014.57,1,1,6.0,4,Month-to-month,Fiber optic,Bank transfer,No,0
CUST-01467,54,57,74.78,4006.22,1,0,5.0,4,Month-to-month,Fiber optic,Bank transfer,Yes,0
CUST-01468,39,17,37.4,671.81,1,0,10.0,1,Month-to-month,No,Credit card,Yes,0
CUST-01469,62,43,67.53,3220.16,1,1,6.0,3,Month-to-month,No,Mailed check,Yes,0
CUST-01470,21,45,35.77,1751.14,2,0,5.0,1,Month-to-month,Fiber optic,Bank transfer,No,0
CUST-01471,69,34,124.92,4146.89,6,2,6.0,3,Month-to-month,No,Electronic check,No,1
CUST-01472,57,67,35.95,2470.62,1,2,8.0,1,Month-to-month,No,Mailed check,Yes,0
CUST-01473,43,9,77.41,778.92,2,0,8.0,2,Month-to-month,Fiber optic,Electronic check,Yes,1
CUST-01474,29,18,41.67,762.38,3,0,6.0,2,Month-to-month,Fiber optic,Mailed check,Yes,0
CUST-01475,73,6,28.4,154.66,3,0,2.0,4,One year,Fiber optic,Credit card,Yes,0
CUST-01476,35,50,42.25,1882.03,4,0,7.0,4,One year,Fiber optic,Credit card,Yes,0
CUST-01477,45,47,26.03,1308.65,1,0,5.0,4,Month-to-month,Fiber optic,Bank transfer,Yes,0
CUST-01478,40,72,35.33,2497.13,5,1,10.0,3,One year,No,Credit card,Yes,0
CUST-01479,31,39,74.28,2720.89,0,0,10.0,2,Month-to-month,No,Credit card,No,0
CUST-01480,41,10,91.7,883.48,5,1,1.0,1,Month-to-month,DSL,Mailed check,Yes,1
CUST-01481,26,32,29.61,1006.05,2,1,10.0,3,Two year,Fiber optic,Electronic check,Yes,0
CUST-01482,18,6,68.51,407.63,5,0,10.0,2,Month-to-month,Fiber optic,Electronic check,Yes,1
CUST-01483,34,48,83.94,4385.45,1,0,10.0,2,One year,No,Bank transfer,No,0
CUST-01484,24,49,45.76,2368.66,1,2,5.0,1,Month-to-month,Fiber optic,Electronic check,Yes,0
CUST-01485,41,62,60.93,4207.42,0,0,3.0,1,Month-to-month,DSL,Mailed check,Yes,0
CUST-01486,67,24,27.9,732.03,0,0,7.0,4,Month-to-month,DSL,Electronic check,Yes,0
CUST-01487,27,22,44.21,915.32,2,0,9.0,2,Month-to-month,DSL,Electronic check,No,0
CUST-01488,18,5,71.34,370.32,2,1,5.0,4,Month-to-month,DSL,Bank transfer,Yes,0
CUST-01489,24,30,128.95,3423.35,2,0,10.0,3,Month-to-month,DSL,Bank transfer,No,0
CUST-01490,46,34,129.59,4925.38,1,1,3.0,1,Month-to-month,DSL,Bank transfer,No,1
CUST-01491,33,55,127.76,,1,0,9.0,1,Month-to-month,No,Credit card,No,0
CUST-01492,45,55,66.54,3804.44,0,1,1.0,2,Month-to-month,Fiber optic,Credit card,No,0
CUST-01493,19,10,28.87,312.89,2,1,9.0,1,Month-to-month,Fiber optic,Mailed check,Yes,0
CUST-01494,36,20,55.59,1021.2,1,1,10.0,4,Month-to-month,Fiber optic,Bank transfer,Yes,0
CUST-01495,41,37,46.15,1850.12,4,4,8.0,4,Month-to-month,DSL,Mailed check,No,0
CUST-01496,42,24,21.55,456.66,1,0,7.0,3,One year,Fiber optic,Electronic check,No,0
CUST-01497,49,1,30.48,30.06,4,0,5.0,2,Two year,No,Electronic check,No,0
CUST-01498,62,61,69.85,4232.26,4,0,9.0,4,Month-to-month,Fiber optic,Bank transfer,Yes,0
CUST-01499,44,53,57.36,2948.21,2,0,2.0,3,Month-to-month,Fiber optic,Electronic check,No,0
CUST-01500,65,37,39.84,1504.64,3,0,3.0,2,Two year,DSL,Electronic check,Yes,0
CUST-01501,48,23,98.77,2497.89,1,3,2.0,4,One year,Fiber optic,Bank transfer,Yes,1
CUST-01502,32,61,59.28,3465.93,1,3,3.0,1,Two year,Fiber optic,Credit card,Yes,0
CUST-01503,31,2,113.71,231.75,3,0,6.0,3,One year,DSL,Bank transfer,Yes,1
CUST-01504,36,32,46.51,1623.15,3,0,4.0,3,One year,Fiber optic,Bank transfer,Yes,0
CUST-01505,52,58,79.22,4895.8,2,3,5.0,4,Month-to-month,Fiber optic,Electronic check,Yes,1
CUST-01506,31,69,40.26,2471.74,3,3,3.0,1,Month-to-month,DSL,Electronic check,Yes,1
CUST-01507,70,18,74.48,1483.11,3,0,4.0,2,One year,DSL,Mailed check,No,0
CUST-01508,45,47,36.77,1540.15,1,0,5.0,4,Month-to-month,Fiber optic,Electronic check,No,0
CUST-01509,67,13,37.77,501.47,2,0,3.0,2,One year,DSL,Credit card,No,0
CUST-01510,56,8,87.34,711.36,1,0,10.0,4,Two year,Fiber optic,Credit card,No,0
CUST-01511,37,25,49.02,1309.73,2,2,9.0,4,Month-to-month,No,Electronic check,No,0
CUST-01512,31,64,38.96,2283.06,3,0,9.0,2,Month-to-month,Fiber optic,Electronic check,No,0
CUST-01513,60,50,122.27,5643.06,1,1,1.0,2,Two year,DSL,Bank transfer,Yes,1
CUST-01514,36,35,24.73,917.92,3,1,5.0,2,Two year,Fiber optic,Credit card,Yes,0
CUST-01515,32,20,82.17,1505.16,1,0,8.0,1,Two year,Fiber optic,Electronic check,No,0
CUST-01516,71,10,80.31,797.21,3,1,4.0,4,One year,Fiber optic,Mailed check,Yes,1
CUST-01517,45,19,47.57,954.08,2,2,3.0,1,Two year,No,Bank transfer,No,0
CUST-01518,20,11,69.8,795.67,4,0,7.0,4,Month-to-month,Fiber optic,Bank transfer,Yes,1
CUST-01519,46,13,29.65,358.68,2,0,1.0,4,Month-to-month,DSL,Mailed check,Yes,0
CUST-01520,44,50,99.34,4733.3,2,0,7.0,2,Month-to-month,Fiber optic,Electronic check,Yes,0
CUST-01521,67,9,44.39,444.48,1,0,5.0,1,Month-to-month,No,Mailed check,No,0
CUST-01522,58,3,41.27,122.28,4,0,7.0,4,Two year,Fiber optic,Credit card,Yes,0
CUST-01523,28,39,54.64,1897.98,3,0,7.0,2,Month-to-month,No,Bank transfer,Yes,0
CUST-01524,26,20,119.26,2224.68,1,1,6.0,1,One year,Fiber optic,Electronic check,Yes,1
CUST-01525,52,33,107.61,3416.84,1,1,6.0,2,Month-to-month,No,Electronic check,Yes,1
CUST-01526,20,10,124.16,1390.44,0,0,1.0,4,One year,Fiber optic,Mailed check,Yes,1
CUST-01527,36,15,91.72,1310.65,4,0,10.0,3,Month-to-month,No,Bank transfer,No,0
CUST-01528,25,32,92.92,2635.46,3,0,1.0,3,Month-to-month,No,Mailed check,Yes,1
CUST-01529,19,50,72.8,3651.29,1,0,10.0,3,Month-to-month,No,Mailed check,No,0
CUST-01530,70,30,119.57,3228.62,3,2,10.0,1,Month-to-month,No,Bank transfer,Yes,1
CUST-01531,23,39,76.2,2810.66,1,0,8.0,4,Month-to-month,Fiber optic,Bank transfer,No,0
CUST-01532,18,38,59.06,2509.49,0,0,8.0,3,One year,Fiber optic,Bank transfer,No,0
CUST-01533,71,19,90.44,1802.75,1,1,1.0,3,Month-to-month,Fiber optic,Credit card,No,1
CUST-01534,28,20,80.08,1428.88,1,0,10.0,3,Two year,Fiber optic,Credit card,No,0
CUST-01535,64,31,33.64,1030.0,4,3,6.0,2,Two year,Fiber optic,Bank transfer,Yes,0
CUST-01536,19,2,63.2,116.44,3,0,4.0,3,Month-to-month,Fiber optic,Credit card,Yes,1
CUST-01537,26,50,54.47,2477.04,7,0,7.0,4,Month-to-month,Fiber optic,Credit card,Yes,0
CUST-01538,24,44,113.15,5082.63,1,2,6.0,2,Month-to-month,Fiber optic,Electronic check,Yes,1
CUST-01539,58,22,61.67,1358.58,2,1,4.0,1,Month-to-month,No,Credit card,Yes,1
CUST-01540,53,27,110.37,3153.69,2,1,4.0,3,Month-to-month,Fiber optic,Mailed check,Yes,1
CUST-01541,45,23,68.66,1727.87,1,0,2.0,4,Two year,Fiber optic,Mailed check,No,0
CUST-01542,31,47,102.89,4541.83,4,0,10.0,4,Two year,No,Bank transfer,Yes,0
CUST-01543,23,55,34.88,2113.15,1,1,7.0,4,Month-to-month,Fiber optic,Electronic check,Yes,0
CUST-01544,50,7,121.71,855.65,3,0,3.0,2,One year,Fiber optic,Mailed check,Yes,1
CUST-01545,31,30,72.86,2059.29,0,2,8.0,4,Two year,Fiber optic,Mailed check,Yes,0
CUST-01546,51,1,48.58,52.61,4,1,7.0,1,Month-to-month,Fiber optic,Mailed check,Yes,1
CUST-01547,57,33,46.56,1365.2,1,1,2.0,3,Two year,Fiber optic,Bank transfer,No,0
CUST-01548,66,18,49.16,897.52,1,0,2.0,4,Two year,DSL,Bank transfer,Yes,0
CUST-01549,46,24,60.34,1525.19,3,0,3.0,4,Two year,DSL,Credit card,No,0
CUST-01550,18,33,98.93,3092.3,5,0,2.0,3,One year,No,Bank transfer,Yes,1
CUST-01551,33,23,124.46,3112.31,2,0,9.0,3,Month-to-month,No,Mailed check,Yes,0
CUST-01552,66,28,93.59,2457.18,2,0,2.0,2,Month-to-month,Fiber optic,Bank transfer,Yes,1
CUST-01553,48,55,80.19,4770.21,0,0,9.0,4,Two year,No,Bank transfer,Yes,0
CUST-01554,53,59,69.35,3677.78,3,2,6.0,4,Month-to-month,Fiber optic,Mailed check,Yes,0
CUST-01555,44,0,111.1,102.03,1,1,2.0,1,Month-to-month,DSL,Bank transfer,Yes,1
CUST-01556,27,27,113.46,2975.92,2,0,9.0,1,Month-to-month,Fiber optic,Electronic check,No,1
CUST-01557,69,61,52.23,3456.76,0,0,2.0,4,Month-to-month,DSL,Mailed check,No,0
CUST-01558,62,38,124.88,4340.66,5,1,10.0,4,Month-to-month,DSL,Bank transfer,Yes,1
CUST-01559,74,14,63.46,968.49,2,1,1.0,1,Two year,No,Credit card,No,1
CUST-01560,66,43,108.01,4343.17,3,0,7.0,2,Month-to-month,Fiber optic,Credit card,No,1
CUST-01561,34,10,126.35,1249.1,2,1,4.0,3,Month-to-month,DSL,Electronic check,Yes,1
CUST-01562,32,1,97.4,93.96,0,2,6.0,1,Month-to-month,Fiber optic,Electronic check,Yes,1
CUST-01563,32,46,37.77,1578.19,2,1,9.0,3,One year,Fiber optic,Mailed check,Yes,0
CUST-01564,70,37,84.48,3459.07,3,0,8.0,4,One year,Fiber optic,Electronic check,No,0
CUST-01565,49,55,33.07,1791.86,1,1,3.0,1,Two year,DSL,Bank transfer,Yes,0
CUST-01566,43,25,106.81,2792.23,1,0,1.0,4,Two year,Fiber optic,Mailed check,Yes,0
CUST-01567,73,62,50.94,3215.33,3,0,3.0,1,Month-to-month,Fiber optic,Electronic check,Yes,0
CUST-01568,52,30,96.47,2895.29,4,1,9.0,1,Two year,Fiber optic,Credit card,Yes,0
CUST-01569,69,53,120.11,,1,1,6.0,3,Month-to-month,No,Electronic check,Yes,1
CUST-01570,74,7,39.91,306.08,4,0,8.0,4,One year,Fiber optic,Credit card,Yes,0
CUST-01571,22,7,63.21,463.64,0,0,5.0,4,One year,No,Credit card,No,0
CUST-01572,38,57,91.18,5237.77,1,0,6.0,4,Month-to-month,No,Electronic check,Yes,0
CUST-01573,59,60,66.16,4107.92,3,0,1.0,4,Month-to-month,DSL,Bank transfer,Yes,0
CUST-01574,64,68,39.23,2735.76,1,1,1.0,4,One year,DSL,Credit card,Yes,0
CUST-01575,26,23,23.2,525.04,0,0,8.0,2,Month-to-month,Fiber optic,Mailed check,Yes,0
CUST-01576,36,1,64.73,66.67,1,0,3.0,1,One year,No,Credit card,No,0
CUST-01577,49,71,91.41,6402.21,1,0,4.0,4,Month-to-month,DSL,Credit card,No,0
CUST-01578,63,43,83.14,3796.05,2,1,4.0,1,One year,DSL,Bank transfer,No,0
CUST-01579,24,18,37.19,744.76,4,1,7.0,3,Two year,Fiber optic,Electronic check,Yes,0
CUST-01580,52,55,69.58,4249.27,2,0,10.0,4,Month-to-month,No,Mailed check,No,0
CUST-01581,34,65,60.64,4245.01,4,1,8.0,1,Month-to-month,DSL,Mailed check,No,0
CUST-01582,30,20,50.16,1027.7,0,1,7.0,4,One year,Fiber optic,Electronic check,Yes,0
CUST-01583,47,56,100.22,5948.16,2,0,9.0,2,Month-to-month,DSL,Bank transfer,No,0
CUST-01584,41,57,54.06,2843.32,4,1,6.0,1,Month-to-month,No,Bank transfer,No,0
CUST-01585,54,36,79.42,2844.72,2,2,2.0,2,One year,Fiber optic,Electronic check,No,1
CUST-01586,36,46,121.55,5265.62,1,0,5.0,2,Month-to-month,Fiber optic,Mailed check,Yes,0
CUST-01587,64,19,79.32,1327.49,3,1,10.0,2,One year,No,Electronic check,Yes,0
CUST-01588,22,67,87.87,6546.77,3,1,8.0,1,Month-to-month,Fiber optic,Electronic check,No,0
CUST-01589,67,71,28.06,2166.23,3,0,4.0,1,Month-to-month,No,Bank transfer,Yes,0
CUST-01590,19,71,39.59,2820.13,2,1,4.0,2,Month-to-month,DSL,Mailed check,No,0
CUST-01591,59,53,31.1,1551.04,3,1,10.0,1,Two year,DSL,Electronic check,Yes,0
CUST-01592,37,3,104.13,326.86,1,0,1.0,3,Month-to-month,Fiber optic,Bank transfer,Yes,1
CUST-01593,39,26,111.95,2865.15,3,0,10.0,4,Month-to-month,DSL,Credit card,No,0
CUST-01594,19,32,40.51,1390.7,4,0,7.0,1,Month-to-month,No,Electronic check,Yes,0
CUST-01595,58,70,44.12,3458.65,5,0,9.0,1,One year,Fiber optic,Electronic check,Yes,0
CUST-01596,27,39,55.55,2087.98,5,0,4.0,3,One year,DSL,Electronic check,No,0
CUST-01597,55,39,85.02,3112.38,2,1,7.0,1,Month-to-month,Fiber optic,Electronic check,No,1
CUST-01598,59,10,88.4,834.65,4,0,4.0,3,Month-to-month,Fiber optic,Bank transfer,Yes,1
CUST-01599,66,57,95.54,4914.29,1,1,1.0,2,Month-to-month,Fiber optic,Mailed check,Yes,1
CUST-01600,58,24,119.57,2796.71,2,1,5.0,2,One year,DSL,Mailed check,Yes,1
CUST-01601,35,6,52.45,278.25,3,0,10.0,3,Two year,No,Credit card,Yes,0
CUST-01602,60,72,92.46,6041.04,5,2,3.0,4,One year,Fiber optic,Mailed check,No,1
CUST-01603,65,13,81.57,1002.31,1,0,2.0,1,One year,No,Electronic check,No,1
CUST-01604,36,1,53.64,49.26,4,0,10.0,1,Month-to-month,Fiber optic,Credit card,Yes,0
CUST-01605,25,5,119.82,632.48,0,1,10.0,3,One year,Fiber optic,Bank transfer,Yes,0
CUST-01606,68,33,30.5,911.23,1,1,9.0,1,One year,DSL,Electronic check,Yes,0
CUST-01607,26,7,98.32,748.69,4,0,10.0,2,Month-to-month,Fiber optic,Credit card,Yes,1
CUST-01608,51,61,100.07,5695.7,1,0,10.0,2,Two year,DSL,Bank transfer,Yes,0
CUST-01609,31,37,120.69,4046.05,2,1,10.0,2,Month-to-month,No,Mailed check,No,0
CUST-01610,25,23,77.04,1563.59,1,1,10.0,3,One year,DSL,Bank transfer,No,0
CUST-01611,62,0,55.38,58.24,1,0,8.0,1,One year,Fiber optic,Bank transfer,Yes,0
CUST-01612,26,35,111.05,3659.72,1,0,4.0,2,Two year,Fiber optic,Electronic check,No,0
CUST-01613,56,11,104.79,1155.32,2,2,5.0,1,Month-to-month,Fiber optic,Bank transfer,Yes,1
CUST-01614,57,71,75.03,,3,0,4.0,4,Two year,Fiber optic,Electronic check,Yes,0
CUST-01615,21,21,104.46,2449.16,4,1,6.0,4,Month-to-month,Fiber optic,Credit card,Yes,1
CUST-01616,27,34,49.47,1530.76,1,1,7.0,2,Month-to-month,Fiber optic,Bank transfer,Yes,0
CUST-01617,63,1,84.85,83.06,3,0,3.0,1,Two year,No,Bank transfer,Yes,1
CUST-01618,46,9,115.17,1124.01,2,1,1.0,2,Month-to-month,Fiber optic,Bank transfer,No,1
CUST-01619,24,15,54.98,774.21,1,0,7.0,4,One year,Fiber optic,Mailed check,Yes,0
CUST-01620,74,3,73.19,207.29,0,0,10.0,4,Month-to-month,No,Credit card,Yes,0
CUST-01621,33,52,124.61,6959.48,2,0,9.0,3,Two year,DSL,Mailed check,Yes,0
CUST-01622,18,69,107.8,,2,1,1.0,4,One year,DSL,Bank transfer,No,0
CUST-01623,70,71,117.57,7351.53,1,0,6.0,1,Month-to-month,DSL,Bank transfer,Yes,0
CUST-01624,18,19,62.38,1164.71,2,0,6.0,3,Two year,Fiber optic,Electronic check,No,0
CUST-01625,49,57,129.62,6523.97,1,0,5.0,4,Month-to-month,Fiber optic,Credit card,No,0
CUST-01626,74,36,36.78,1454.3,3,0,7.0,1,One year,DSL,Electronic check,Yes,0
CUST-01627,50,3,77.06,239.05,5,0,5.0,2,One year,DSL,Mailed check,Yes,0
CUST-01628,51,6,72.72,445.01,4,0,10.0,2,One year,DSL,Credit card,Yes,0
CUST-01629,40,39,107.83,3904.19,2,0,10.0,1,One year,Fiber optic,Bank transfer,Yes,0
CUST-01630,25,30,119.95,3771.18,1,1,7.0,1,Two year,DSL,Credit card,Yes,0
CUST-01631,50,0,100.43,104.7,2,0,5.0,4,One year,Fiber optic,Mailed check,No,0
CUST-01632,69,67,88.95,5330.97,1,1,6.0,3,Two year,No,Electronic check,No,0
CUST-01633,23,53,67.02,3876.73,2,0,10.0,1,Month-to-month,Fiber optic,Credit card,Yes,0
CUST-01634,68,36,76.14,2793.28,1,2,4.0,3,Month-to-month,No,Mailed check,Yes,1
CUST-01635,41,72,76.02,5857.63,1,0,9.0,3,One year,No,Credit card,Yes,0
CUST-01636,48,70,22.24,1468.22,0,1,6.0,2,Month-to-month,Fiber optic,Credit card,Yes,0
CUST-01637,27,71,75.34,4863.93,1,1,1.0,2,Month-to-month,Fiber optic,Credit card,Yes,0
CUST-01638,53,18,114.16,2154.72,1,0,8.0,3,One year,No,Electronic check,No,0
CUST-01639,28,64,98.02,6715.75,4,1,3.0,4,Month-to-month,Fiber optic,Mailed check,Yes,1
CUST-01640,33,36,107.53,3765.2,4,0,6.0,4,Month-to-month,Fiber optic,Bank transfer,Yes,1
CUST-01641,59,53,62.95,2954.96,4,2,10.0,2,Month-to-month,DSL,Bank transfer,No,0
CUST-01642,20,62,78.19,5218.06,2,0,8.0,1,Month-to-month,Fiber optic,Mailed check,Yes,0
CUST-01643,43,11,23.68,242.11,0,0,7.0,1,Month-to-month,No,Electronic check,No,0
CUST-01644,51,32,62.13,1911.35,3,1,1.0,1,Month-to-month,Fiber optic,Bank transfer,No,1
CUST-01645,25,9,72.19,669.71,2,0,9.0,1,Two year,Fiber optic,Credit card,Yes,0
CUST-01646,34,20,48.07,869.1,2,1,4.0,4,Month-to-month,Fiber optic,Electronic check,Yes,0
CUST-01647,37,30,23.44,630.97,1,2,1.0,3,Two year,No,Credit card,No,0
CUST-01648,55,62,95.94,5271.18,3,0,10.0,1,Two year,Fiber optic,Credit card,Yes,0
CUST-01649,73,62,67.86,4628.02,3,0,2.0,4,Month-to-month,Fiber optic,Bank transfer,Yes,0
CUST-01650,65,28,65.72,1756.86,0,1,4.0,1,Two year,Fiber optic,Electronic check,No,0
CUST-01651,28,24,47.5,1183.96,2,1,2.0,3,Month-to-month,Fiber optic,Bank transfer,Yes,1
CUST-01652,19,38,79.16,3361.28,2,0,7.0,1,One year,No,Mailed check,Yes,0
CUST-01653,20,66,68.18,4682.88,0,1,9.0,3,Two year,DSL,Credit card,Yes,0
CUST-01654,51,71,72.14,5152.79,1,1,6.0,3,Two year,No,Mailed check,Yes,0
CUST-01655,26,16,83.9,1349.14,1,0,9.0,4,Month-to-month,DSL,Credit card,No,0
CUST-01656,31,13,20.7,261.15,2,0,10.0,3,Month-to-month,No,Mailed check,No,0
CUST-01657,66,51,119.85,6258.72,4,0,9.0,2,Month-to-month,Fiber optic,Mailed check,Yes,1
CUST-01658,67,22,27.82,679.43,4,1,2.0,3,Two year,Fiber optic,Credit card,Yes,0
CUST-01659,65,14,69.6,1041.76,1,0,3.0,3,Month-to-month,Fiber optic,Bank transfer,No,1
CUST-01660,32,2,42.81,84.06,0,0,3.0,2,Month-to-month,Fiber optic,Credit card,Yes,0
CUST-01661,53,29,77.62,2160.46,2,2,7.0,3,Month-to-month,Fiber optic,Mailed check,Yes,1
CUST-01662,52,28,50.83,1554.25,0,1,9.0,3,Month-to-month,DSL,Bank transfer,Yes,0
CUST-01663,28,41,114.6,4287.89,4,0,4.0,4,Month-to-month,DSL,Bank transfer,Yes,1
CUST-01664,49,14,63.6,965.1,1,1,7.0,1,Month-to-month,DSL,Mailed check,Yes,1
CUST-01665,47,52,90.26,4417.63,4,2,2.0,3,One year,Fiber optic,Credit card,Yes,1
CUST-01666,40,49,47.38,2441.77,2,1,6.0,4,Month-to-month,Fiber optic,Electronic check,Yes,0
CUST-01667,60,33,22.13,783.96,1,1,8.0,3,Month-to-month,DSL,Bank transfer,Yes,0
CUST-01668,56,13,64.46,833.35,3,1,4.0,4,Month-to-month,Fiber optic,Bank transfer,No,1
CUST-01669,48,37,79.01,2707.47,1,2,,2,Month-to-month,DSL,Bank transfer,Yes,1
CUST-01670,59,49,70.55,3742.99,1,1,5.0,3,One year,DSL,Mailed check,No,0
CUST-01671,61,27,125.82,3289.12,4,1,8.0,1,Month-to-month,Fiber optic,Mailed check,Yes,1
CUST-01672,50,19,97.75,1777.32,1,2,10.0,2,Month-to-month,Fiber optic,Mailed check,Yes,0
CUST-01673,33,36,129.52,4673.93,2,0,7.0,1,Month-to-month,DSL,Credit card,Yes,1
CUST-01674,61,25,52.46,1291.07,1,1,7.0,4,Month-to-month,No,Credit card,Yes,0
CUST-01675,58,29,106.8,3233.27,2,0,5.0,4,Two year,Fiber optic,Credit card,Yes,0
CUST-01676,74,25,81.11,1851.19,4,1,10.0,1,Two year,Fiber optic,Bank transfer,Yes,0
CUST-01677,26,22,87.29,1890.74,1,0,9.0,4,Month-to-month,DSL,Electronic check,Yes,0
CUST-01678,41,52,128.44,7306.75,3,1,10.0,2,Month-to-month,Fiber optic,Electronic check,Yes,1
CUST-01679,70,33,91.94,2696.2,3,0,9.0,3,Month-to-month,No,Credit card,Yes,0
CUST-01680,47,34,118.87,4000.2,3,0,6.0,4,One year,Fiber optic,Credit card,No,0
CUST-01681,71,47,99.83,4872.78,0,0,10.0,4,Month-to-month,DSL,Bank transfer,Yes,0
CUST-01682,18,26,34.01,966.54,4,0,7.0,1,Two year,Fiber optic,Electronic check,No,0
CUST-01683,20,7,96.94,693.85,1,0,7.0,1,Month-to-month,Fiber optic,Electronic check,Yes,1
CUST-01684,63,62,73.27,4896.51,3,0,7.0,1,Two year,DSL,Bank transfer,Yes,0
CUST-01685,38,4,121.07,452.05,2,3,2.0,4,Month-to-month,Fiber optic,Mailed check,Yes,1
CUST-01686,47,41,108.75,4301.24,0,2,9.0,3,Month-to-month,DSL,Bank transfer,No,0
CUST-01687,42,19,31.45,660.96,3,1,4.0,1,Month-to-month,No,Mailed check,Yes,0
CUST-01688,41,15,34.73,569.21,2,0,7.0,3,Month-to-month,Fiber optic,Mailed check,No,0
CUST-01689,71,3,27.66,84.13,0,0,9.0,3,Two year,Fiber optic,Mailed check,No,0
CUST-01690,23,65,74.26,4798.5,5,0,2.0,3,Month-to-month,No,Mailed check,Yes,0
CUST-01691,62,31,28.88,884.77,2,0,4.0,3,Month-to-month,Fiber optic,Electronic check,Yes,0
CUST-01692,68,25,99.6,2226.33,3,1,10.0,1,Two year,DSL,Mailed check,Yes,0
CUST-01693,55,54,80.76,4771.72,2,0,4.0,2,Month-to-month,Fiber optic,Mailed check,Yes,0
CUST-01694,40,2,111.95,241.0,3,0,7.0,3,Month-to-month,Fiber optic,Mailed check,No,1
CUST-01695,27,41,50.78,2060.12,3,1,6.0,4,Month-to-month,Fiber optic,Electronic check,No,0
CUST-01696,56,36,77.11,2629.02,4,0,9.0,1,Month-to-month,No,Bank transfer,Yes,0
CUST-01697,44,40,32.92,1267.16,2,2,6.0,3,Two year,Fiber optic,Credit card,Yes,0
CUST-01698,26,9,117.31,960.3,3,1,5.0,4,Month-to-month,No,Electronic check,Yes,1
CUST-01699,38,69,39.25,2852.41,3,2,1.0,3,One year,DSL,Mailed check,No,0
CUST-01700,72,17,31.26,538.65,2,0,5.0,1,Month-to-month,DSL,Bank transfer,Yes,0
CUST-01701,33,49,42.56,1952.36,1,1,6.0,3,Month-to-month,DSL,Electronic check,No,0
CUST-01702,28,54,108.69,6042.53,1,0,7.0,1,One year,Fiber optic,Bank transfer,Yes,0
CUST-01703,56,25,31.64,881.98,0,2,8.0,2,One year,DSL,Bank transfer,No,0
CUST-01704,29,9,87.59,716.87,3,1,8.0,3,One year,DSL,Credit card,Yes,0
CUST-01705,70,21,102.08,2122.32,3,1,5.0,1,Month-to-month,No,Credit card,Yes,1
CUST-01706,66,58,102.62,5943.62,2,0,1.0,1,Month-to-month,DSL,Bank transfer,No,1
CUST-01707,74,66,40.91,2484.14,4,1,3.0,4,One year,DSL,Credit card,No,0
CUST-01708,70,68,26.78,1834.84,2,1,5.0,3,One year,Fiber optic,Mailed check,Yes,0
CUST-01709,31,16,69.37,1138.15,2,1,10.0,2,Month-to-month,DSL,Bank transfer,No,0
CUST-01710,30,44,42.27,1706.93,1,2,8.0,1,Month-to-month,DSL,Bank transfer,Yes,0
CUST-01711,37,11,96.92,977.77,3,0,9.0,1,One year,DSL,Electronic check,Yes,0
CUST-01712,44,51,59.24,3279.63,3,2,10.0,2,Month-to-month,DSL,Bank transfer,Yes,0
CUST-01713,68,30,69.43,1988.61,5,1,2.0,3,One year,No,Bank transfer,Yes,1
CUST-01714,59,52,32.48,1741.79,1,1,1.0,1,One year,Fiber optic,Mailed check,No,0
CUST-01715,54,50,82.43,4246.9,1,0,6.0,4,Month-to-month,Fiber optic,Electronic check,Yes,0
CUST-01716,68,72,40.41,3146.36,3,2,3.0,2,Month-to-month,Fiber optic,Credit card,Yes,0
CUST-01717,54,35,94.69,3504.96,0,1,9.0,1,Month-to-month,Fiber optic,Mailed check,No,0
CUST-01718,39,24,27.83,722.51,2,0,5.0,1,One year,No,Bank transfer,Yes,0
CUST-01719,41,38,127.35,4984.73,2,3,1.0,4,Two year,Fiber optic,Electronic check,Yes,1
CUST-01720,47,11,95.3,1035.58,5,0,3.0,2,Month-to-month,DSL,Credit card,Yes,1
CUST-01721,23,8,39.99,311.75,2,0,4.0,2,Month-to-month,DSL,Credit card,No,0
CUST-01722,60,37,21.55,774.2,2,0,1.0,1,Month-to-month,DSL,Credit card,Yes,0
CUST-01723,55,60,56.79,3340.66,3,1,4.0,4,One year,No,Mailed check,No,0
CUST-01724,59,38,36.81,1274.34,4,1,6.0,4,Month-to-month,Fiber optic,Electronic check,No,0
CUST-01725,48,57,44.03,2463.91,3,0,9.0,1,One year,DSL,Electronic check,No,0
CUST-01726,62,12,116.0,1355.07,3,0,7.0,3,Month-to-month,DSL,Bank transfer,No,1
CUST-01727,72,32,86.35,2454.54,3,1,1.0,2,Month-to-month,No,Credit card,Yes,1
CUST-01728,50,44,39.41,1640.46,2,2,5.0,1,Month-to-month,Fiber optic,Mailed check,No,0
CUST-01729,43,25,81.23,2153.52,1,1,8.0,4,Two year,DSL,Credit card,Yes,0
CUST-01730,23,1,48.14,49.04,3,0,4.0,1,One year,No,Electronic check,Yes,0
CUST-01731,62,5,127.38,683.7,0,0,6.0,4,Month-to-month,Fiber optic,Mailed check,Yes,1
CUST-01732,69,67,23.6,1597.4,0,2,10.0,1,Month-to-month,Fiber optic,Bank transfer,No,0
CUST-01733,57,44,100.56,4800.65,2,2,2.0,2,Two year,Fiber optic,Mailed check,Yes,1
CUST-01734,67,19,105.03,2137.37,1,1,5.0,1,Two year,Fiber optic,Bank transfer,No,0
CUST-01735,67,18,27.39,445.49,1,1,7.0,1,Month-to-month,DSL,Mailed check,No,0
CUST-01736,63,2,38.91,86.73,1,1,8.0,2,One year,No,Credit card,Yes,0
CUST-01737,46,68,62.27,3741.22,3,1,9.0,4,Two year,Fiber optic,Credit card,Yes,0
CUST-01738,23,7,115.5,827.29,3,0,3.0,2,Month-to-month,Fiber optic,Mailed check,Yes,1
CUST-01739,18,55,79.07,4654.15,6,0,5.0,3,Month-to-month,Fiber optic,Electronic check,Yes,0
CUST-01740,29,17,92.08,1502.2,2,2,9.0,4,Month-to-month,No,Bank transfer,No,0
CUST-01741,42,24,106.13,2607.38,1,1,9.0,2,Month-to-month,DSL,Electronic check,Yes,1
CUST-01742,60,19,111.09,2040.87,1,0,9.0,4,One year,DSL,Mailed check,Yes,0
CUST-01743,43,60,72.39,3885.38,3,1,7.0,2,Month-to-month,Fiber optic,Mailed check,Yes,0
CUST-01744,19,2,75.97,,4,1,3.0,1,Month-to-month,DSL,Mailed check,Yes,1
CUST-01745,29,25,98.98,2233.9,2,0,4.0,2,Month-to-month,Fiber optic,Electronic check,Yes,1
CUST-01746,73,20,48.97,885.0,2,1,7.0,1,One year,Fiber optic,Bank transfer,Yes,0
CUST-01747,74,19,113.99,2223.45,2,1,3.0,4,Month-to-month,DSL,Bank transfer,No,1
CUST-01748,39,14,22.29,314.0,5,1,7.0,1,Month-to-month,DSL,Mailed check,Yes,0
CUST-01749,63,66,41.53,2711.68,2,1,6.0,4,Month-to-month,Fiber optic,Mailed check,Yes,0
CUST-01750,59,27,108.02,3050.88,3,0,5.0,1,Two year,DSL,Mailed check,Yes,1
CUST-01751,71,30,57.43,1523.11,4,1,4.0,1,Month-to-month,DSL,Mailed check,No,1
CUST-01752,68,28,36.48,965.3,3,1,8.0,3,Month-to-month,Fiber optic,Mailed check,No,0
CUST-01753,53,71,40.54,3069.96,2,0,5.0,1,One year,DSL,Bank transfer,Yes,0
CUST-01754,40,24,78.38,2066.21,0,1,4.0,1,Month-to-month,Fiber optic,Credit card,Yes,1
CUST-01755,53,24,113.08,2673.76,1,0,4.0,4,One year,No,Credit card,No,0
CUST-01756,36,23,27.77,574.56,4,1,5.0,1,Month-to-month,Fiber optic,Electronic check,No,1
CUST-01757,37,23,23.35,575.55,1,1,7.0,3,Two year,Fiber optic,Mailed check,Yes,0
CUST-01758,52,6,71.17,466.49,1,0,10.0,1,Month-to-month,Fiber optic,Electronic check,No,1
CUST-01759,50,44,125.18,5393.79,0,0,4.0,1,Month-to-month,No,Mailed check,Yes,1
CUST-01760,51,1,50.69,47.57,0,0,2.0,3,Month-to-month,No,Bank transfer,Yes,1
CUST-01761,39,16,125.51,1788.37,0,0,10.0,2,Two year,No,Electronic check,No,0
CUST-01762,41,14,117.64,1682.96,5,0,2.0,1,Two year,DSL,Credit card,Yes,1
CUST-01763,18,21,51.14,1179.58,4,0,10.0,3,Month-to-month,DSL,Bank transfer,Yes,0
CUST-01764,52,55,109.86,6300.26,3,0,2.0,4,Month-to-month,DSL,Bank transfer,No,0
CUST-01765,50,43,95.45,3924.33,3,0,4.0,3,Month-to-month,DSL,Mailed check,No,0
CUST-01766,71,72,76.3,5681.99,1,0,10.0,2,Month-to-month,DSL,Credit card,Yes,0
CUST-01767,46,25,66.52,1795.54,0,0,2.0,4,Month-to-month,No,Credit card,No,0
CUST-01768,44,67,109.71,7307.93,1,0,2.0,2,Two year,DSL,Mailed check,Yes,0
CUST-01769,21,3,107.24,346.41,2,0,7.0,3,Month-to-month,DSL,Mailed check,No,1
CUST-01770,29,36,103.26,3620.93,2,0,2.0,2,Two year,No,Electronic check,No,1
CUST-01771,37,58,129.81,7255.24,0,0,1.0,3,Month-to-month,No,Bank transfer,No,1
CUST-01772,39,38,72.64,2815.3,2,0,7.0,3,Two year,DSL,Mailed check,No,0
CUST-01773,38,68,108.76,7333.0,3,1,10.0,2,Month-to-month,DSL,Mailed check,No,0
CUST-01774,40,22,114.87,2816.51,4,0,8.0,2,Month-to-month,No,Electronic check,No,1
CUST-01775,61,2,43.28,86.9,1,1,10.0,2,One year,No,Electronic check,Yes,0
CUST-01776,25,56,24.63,1341.27,0,0,6.0,2,Month-to-month,Fiber optic,Bank transfer,Yes,0
CUST-01777,36,4,64.52,251.57,2,4,7.0,1,Two year,Fiber optic,Credit card,Yes,0
CUST-01778,27,55,114.24,6355.49,2,1,10.0,2,One year,Fiber optic,Mailed check,Yes,0
CUST-01779,35,53,51.8,2649.8,2,1,6.0,1,Two year,Fiber optic,Bank transfer,No,0
CUST-01780,57,61,97.0,6233.55,3,0,1.0,2,Two year,DSL,Electronic check,Yes,0
CUST-01781,20,34,20.81,687.28,1,0,3.0,2,Month-to-month,Fiber optic,Credit card,No,0
CUST-01782,37,65,59.09,3734.05,2,1,7.0,1,Month-to-month,No,Electronic check,Yes,0
CUST-01783,19,12,87.71,1082.07,3,1,,2,One year,Fiber optic,Credit card,Yes,0
CUST-01784,72,31,34.27,950.4,1,1,7.0,3,Month-to-month,DSL,Mailed check,Yes,0
CUST-01785,59,8,118.63,984.43,1,1,5.0,4,Month-to-month,Fiber optic,Credit card,Yes,1
CUST-01786,31,55,37.19,2047.89,0,0,4.0,3,Month-to-month,Fiber optic,Mailed check,Yes,0
CUST-01787,29,52,120.08,6173.77,0,0,7.0,3,One year,DSL,Credit card,Yes,0
CUST-01788,23,58,43.8,2674.08,3,0,9.0,3,Month-to-month,DSL,Mailed check,Yes,0
CUST-01789,44,55,129.37,7556.37,2,0,3.0,4,Month-to-month,DSL,Mailed check,No,1
CUST-01790,60,22,86.52,2061.62,2,1,6.0,4,Two year,No,Electronic check,Yes,0
CUST-01791,51,4,29.28,113.6,2,2,5.0,1,Two year,DSL,Credit card,No,0
CUST-01792,68,67,27.18,1745.47,2,3,3.0,2,Month-to-month,No,Bank transfer,No,0
CUST-01793,37,35,28.24,1039.25,3,2,5.0,4,Month-to-month,Fiber optic,Electronic check,Yes,0
CUST-01794,33,6,84.89,519.34,4,0,1.0,4,One year,No,Electronic check,Yes,1
CUST-01795,45,67,109.05,7537.47,3,1,6.0,3,Month-to-month,No,Electronic check,No,0
CUST-01796,29,72,64.33,4693.48,4,1,2.0,2,One year,No,Electronic check,No,0
CUST-01797,73,32,68.93,2350.12,2,0,5.0,1,One year,No,Electronic check,Yes,0
CUST-01798,28,56,84.82,4396.57,2,1,9.0,2,Month-to-month,Fiber optic,Mailed check,No,0
CUST-01799,45,2,78.63,159.36,4,0,2.0,3,Month-to-month,DSL,Bank transfer,Yes,1
CUST-01800,47,6,95.69,527.03,2,2,3.0,3,Month-to-month,DSL,Electronic check,Yes,1
CUST-01801,21,20,71.9,1405.99,2,0,8.0,3,Month-to-month,Fiber optic,Bank transfer,Yes,0
CUST-01802,44,47,98.52,4812.69,1,2,10.0,1,One year,DSL,Credit card,No,0
CUST-01803,43,9,129.7,1165.36,2,0,10.0,4,Month-to-month,Fiber optic,Credit card,Yes,1
CUST-01804,32,2,58.53,113.68,4,0,2.0,1,Two year,DSL,Electronic check,Yes,1
CUST-01805,25,48,21.34,1118.96,1,1,3.0,2,One year,Fiber optic,Electronic check,Yes,0
CUST-01806,20,56,33.82,2017.93,1,0,10.0,3,Month-to-month,DSL,Credit card,Yes,0
CUST-01807,18,53,80.89,4314.22,1,1,6.0,2,Month-to-month,DSL,Mailed check,Yes,0
CUST-01808,45,58,57.87,3719.0,2,0,9.0,1,Month-to-month,Fiber optic,Electronic check,Yes,0
CUST-01809,23,58,123.4,7027.28,2,1,1.0,3,Month-to-month,Fiber optic,Mailed check,No,1
CUST-01810,72,43,89.02,4092.51,1,2,2.0,1,One year,No,Electronic check,No,1
CUST-01811,31,37,77.24,2630.12,1,2,3.0,4,Month-to-month,Fiber optic,Bank transfer,Yes,0
CUST-01812,55,62,107.78,6338.82,3,2,1.0,4,Month-to-month,Fiber optic,Electronic check,Yes,1
CUST-01813,56,25,48.44,1163.94,3,1,9.0,2,Month-to-month,DSL,Bank transfer,Yes,0
CUST-01814,46,7,110.17,698.23,4,2,9.0,2,Month-to-month,DSL,Mailed check,No,1
CUST-01815,68,54,20.34,1098.84,2,1,4.0,4,One year,Fiber optic,Electronic check,Yes,0
CUST-01816,24,20,88.16,,6,1,1.0,1,Two year,DSL,Credit card,No,1
CUST-01817,31,71,122.82,9001.05,4,0,2.0,2,One year,No,Bank transfer,Yes,1
CUST-01818,32,30,106.66,2961.81,0,0,3.0,1,Two year,No,Credit card,Yes,0
CUST-01819,25,62,113.9,6423.71,2,1,8.0,1,One year,DSL,Electronic check,Yes,0
CUST-01820,34,3,63.67,212.51,6,0,9.0,4,Month-to-month,Fiber optic,Bank transfer,Yes,0
CUST-01821,35,48,110.67,5513.9,2,0,6.0,1,Two year,Fiber optic,Mailed check,Yes,0
CUST-01822,61,32,80.59,2849.01,1,0,10.0,4,Month-to-month,DSL,Credit card,Yes,0
CUST-01823,35,33,88.04,2898.27,2,1,10.0,4,Month-to-month,Fiber optic,Mailed check,Yes,0
CUST-01824,67,19,26.48,446.78,2,0,8.0,3,Two year,Fiber optic,Credit card,No,0
CUST-01825,62,70,42.17,3004.59,1,1,1.0,3,One year,No,Electronic check,Yes,0
CUST-01826,69,28,80.61,2288.68,1,1,9.0,1,Two year,DSL,Bank transfer,No,0
CUST-01827,23,62,26.47,1450.1,1,0,10.0,1,Month-to-month,Fiber optic,Mailed check,No,0
CUST-01828,74,31,101.56,3421.32,5,1,6.0,2,One year,DSL,Credit card,Yes,1
CUST-01829,52,3,112.41,346.94,0,1,6.0,4,Month-to-month,DSL,Credit card,Yes,1
CUST-01830,73,64,121.24,8215.04,2,0,8.0,2,Month-to-month,Fiber optic,Mailed check,Yes,0
CUST-01831,38,13,31.19,404.88,2,0,6.0,1,Two year,Fiber optic,Electronic check,No,0
CUST-01832,72,19,123.37,2410.64,1,1,4.0,4,Month-to-month,Fiber optic,Mailed check,No,1
CUST-01833,51,62,27.44,1602.25,2,2,7.0,3,One year,No,Electronic check,No,0
CUST-01834,22,65,72.15,5222.98,1,0,8.0,3,Two year,DSL,Mailed check,Yes,0
CUST-01835,41,66,112.43,7243.57,0,0,2.0,2,Two year,Fiber optic,Mailed check,No,0
CUST-01836,25,31,27.73,789.96,0,1,7.0,4,Month-to-month,DSL,Bank transfer,Yes,0
CUST-01837,71,55,22.01,1081.53,2,1,2.0,3,Month-to-month,No,Bank transfer,Yes,0
CUST-01838,35,23,22.74,540.11,7,0,6.0,2,Two year,DSL,Electronic check,Yes,0
CUST-01839,30,54,76.24,4594.57,2,0,2.0,1,One year,DSL,Bank transfer,Yes,0
CUST-01840,49,36,109.28,4307.78,1,0,10.0,4,Month-to-month,Fiber optic,Electronic check,Yes,0
CUST-01841,42,3,34.02,107.01,1,4,7.0,1,Month-to-month,Fiber optic,Credit card,Yes,1
CUST-01842,23,30,33.71,1130.37,2,1,5.0,2,Month-to-month,Fiber optic,Electronic check,No,0
CUST-01843,64,34,82.54,2956.44,1,0,6.0,4,Two year,No,Mailed check,Yes,0
CUST-01844,66,18,45.77,792.08,3,0,7.0,2,Month-to-month,Fiber optic,Bank transfer,No,0
CUST-01845,60,27,100.32,2774.44,1,2,2.0,4,One year,Fiber optic,Mailed check,Yes,1
CUST-01846,53,36,124.46,4028.67,4,3,6.0,2,Month-to-month,No,Bank transfer,Yes,1
CUST-01847,40,3,104.26,291.89,3,0,8.0,3,Month-to-month,Fiber optic,Mailed check,Yes,1
CUST-01848,48,11,116.49,1256.03,1,1,3.0,3,One year,DSL,Credit card,No,1
CUST-01849,47,55,77.15,,2,0,5.0,2,Two year,No,Mailed check,No,0
CUST-01850,27,25,111.56,3092.56,6,1,4.0,4,Month-to-month,Fiber optic,Credit card,Yes,1
CUST-01851,22,44,40.12,1975.25,0,0,2.0,2,Month-to-month,Fiber optic,Bank transfer,Yes,0
CUST-01852,32,41,27.52,1093.37,2,1,10.0,2,One year,Fiber optic,Credit card,Yes,0
CUST-01853,43,40,92.15,3871.09,2,1,6.0,3,Month-to-month,DSL,Electronic check,Yes,0
CUST-01854,27,30,25.71,754.23,3,0,4.0,4,Month-to-month,No,Mailed check,No,0
CUST-01855,24,35,118.17,3778.12,1,0,4.0,4,One year,DSL,Credit card,No,0
CUST-01856,66,60,96.07,5538.6,1,0,7.0,2,Month-to-month,No,Electronic check,Yes,0
CUST-01857,39,70,124.74,8173.05,2,0,2.0,1,One year,No,Electronic check,Yes,1
CUST-01858,51,18,54.53,941.04,2,2,6.0,2,Month-to-month,No,Electronic check,Yes,1
CUST-01859,47,48,73.48,3285.81,2,0,3.0,2,One year,DSL,Credit card,No,0
CUST-01860,59,70,101.59,6449.68,2,1,9.0,2,Two year,Fiber optic,Credit card,Yes,0
CUST-01861,60,0,46.71,43.54,4,0,8.0,2,Two year,DSL,Electronic check,Yes,0
CUST-01862,34,57,79.6,4979.04,2,0,8.0,1,One year,Fiber optic,Credit card,No,0
CUST-01863,66,36,92.54,2999.81,4,0,2.0,3,One year,Fiber optic,Bank transfer,Yes,1
CUST-01864,39,70,127.67,8561.03,3,1,1.0,4,Month-to-month,Fiber optic,Bank transfer,Yes,1
CUST-01865,65,42,101.92,4309.87,1,1,5.0,2,Month-to-month,Fiber optic,Credit card,Yes,1
CUST-01866,41,61,32.99,1942.12,1,0,4.0,1,Month-to-month,No,Mailed check,No,0
CUST-01867,24,12,72.29,871.15,3,1,8.0,2,One year,DSL,Mailed check,No,0
CUST-01868,61,10,84.76,754.72,2,3,8.0,2,Month-to-month,Fiber optic,Electronic check,Yes,1
CUST-01869,19,67,36.13,2507.02,0,0,4.0,3,Month-to-month,Fiber optic,Mailed check,Yes,0
CUST-01870,62,38,67.52,2604.85,2,0,2.0,2,Month-to-month,DSL,Credit card,Yes,1
CUST-01871,20,40,51.24,2138.62,1,1,4.0,2,One year,Fiber optic,Electronic check,No,0
CUST-01872,29,12,33.07,403.25,1,0,6.0,3,Month-to-month,Fiber optic,Mailed check,Yes,0
CUST-01873,52,16,76.32,1202.92,3,0,3.0,1,Month-to-month,Fiber optic,Bank transfer,Yes,1
CUST-01874,71,59,38.22,2173.88,2,0,4.0,4,One year,Fiber optic,Bank transfer,Yes,0
CUST-01875,41,22,84.96,1746.4,1,0,3.0,2,Two year,No,Mailed check,No,0
CUST-01876,24,42,38.67,1624.17,2,0,1.0,4,One year,No,Credit card,Yes,0
CUST-01877,31,23,99.6,2030.23,3,2,7.0,1,Month-to-month,DSL,Electronic check,Yes,1
CUST-01878,69,19,41.48,755.63,1,0,10.0,2,Two year,Fiber optic,Electronic check,Yes,0
CUST-01879,59,12,118.59,1483.83,5,0,10.0,2,Month-to-month,No,Mailed check,No,1
CUST-01880,23,67,22.88,1389.0,1,0,10.0,2,Month-to-month,DSL,Bank transfer,No,0
CUST-01881,39,68,77.42,4712.28,1,1,7.0,1,Month-to-month,Fiber optic,Electronic check,No,0
CUST-01882,33,8,55.21,457.81,2,2,8.0,1,Month-to-month,Fiber optic,Electronic check,Yes,1
CUST-01883,28,25,44.76,1091.55,2,3,1.0,4,One year,DSL,Mailed check,Yes,0
CUST-01884,66,41,71.88,3160.56,4,1,3.0,4,Month-to-month,Fiber optic,Credit card,Yes,1
CUST-01885,53,27,112.62,3359.88,2,0,8.0,2,Two year,Fiber optic,Credit card,No,0
CUST-01886,28,52,120.68,6963.7,3,1,10.0,1,One year,DSL,Credit card,No,0
CUST-01887,55,18,53.36,943.33,1,0,10.0,2,Month-to-month,DSL,Bank transfer,Yes,0
CUST-01888,41,4,36.97,139.52,1,0,7.0,4,Month-to-month,No,Mailed check,Yes,0
CUST-01889,21,24,99.22,2443.35,3,0,2.0,4,One year,No,Credit card,Yes,0
CUST-01890,43,43,84.02,3724.01,3,0,10.0,4,Month-to-month,Fiber optic,Credit card,No,0
CUST-01891,28,13,42.11,563.5,2,0,4.0,4,Month-to-month,Fiber optic,Mailed check,Yes,0
CUST-01892,31,59,103.63,5852.65,4,1,1.0,3,Month-to-month,DSL,Electronic check,Yes,1
CUST-01893,68,0,77.08,69.01,1,0,8.0,3,Month-to-month,No,Bank transfer,Yes,0
CUST-01894,58,4,91.87,341.9,0,1,2.0,4,Month-to-month,DSL,Mailed check,Yes,1
CUST-01895,25,37,59.53,2019.93,1,3,4.0,3,Two year,No,Electronic check,Yes,0
CUST-01896,66,37,68.3,2298.99,3,2,7.0,2,Month-to-month,Fiber optic,Bank transfer,No,0
CUST-01897,50,21,39.84,922.23,2,0,10.0,3,Month-to-month,DSL,Electronic check,No,0
CUST-01898,67,18,103.22,1641.18,3,1,10.0,2,One year,Fiber optic,Credit card,Yes,0
CUST-01899,60,5,37.27,190.91,1,0,2.0,3,Two year,No,Mailed check,Yes,0
CUST-01900,37,48,105.61,5613.69,2,2,2.0,2,One year,No,Bank transfer,No,0
CUST-01901,48,27,107.78,2812.32,0,0,9.0,2,Month-to-month,Fiber optic,Credit card,No,0
CUST-01902,48,8,102.13,822.35,3,1,4.0,1,Two year,DSL,Mailed check,Yes,1
CUST-01903,59,29,22.14,672.23,1,0,1.0,4,Month-to-month,Fiber optic,Mailed check,No,0
CUST-01904,32,68,50.04,3253.41,1,1,6.0,3,Month-to-month,Fiber optic,Mailed check,No,0
CUST-01905,36,19,71.52,1351.59,2,3,7.0,1,One year,Fiber optic,Bank transfer,No,1
CUST-01906,31,65,85.51,5981.15,4,0,10.0,2,Month-to-month,DSL,Electronic check,Yes,0
CUST-01907,34,18,121.11,2308.35,0,1,5.0,2,One year,No,Credit card,Yes,1
CUST-01908,27,13,61.32,856.17,4,1,8.0,4,Two year,Fiber optic,Credit card,Yes,0
CUST-01909,20,19,116.25,2467.09,1,1,6.0,4,Month-to-month,DSL,Bank transfer,No,1
CUST-01910,71,23,37.98,846.35,2,0,10.0,4,Month-to-month,DSL,Credit card,No,0
CUST-01911,22,8,60.84,515.58,6,0,5.0,2,Month-to-month,DSL,Credit card,No,1
CUST-01912,68,42,25.75,1108.18,1,0,7.0,1,Month-to-month,Fiber optic,Bank transfer,Yes,0
CUST-01913,18,24,101.67,2537.65,3,0,10.0,3,One year,DSL,Bank transfer,Yes,0
CUST-01914,62,52,36.57,2011.12,5,0,9.0,1,Two year,Fiber optic,Bank transfer,No,0
CUST-01915,36,35,48.27,1790.71,2,3,5.0,3,One year,DSL,Bank transfer,No,0
CUST-01916,47,32,105.28,3680.85,3,0,6.0,2,Two year,DSL,Credit card,No,0
CUST-01917,34,34,78.82,2582.97,3,0,6.0,2,Month-to-month,DSL,Electronic check,Yes,0
CUST-01918,45,11,21.54,245.67,1,1,2.0,1,Month-to-month,Fiber optic,Bank transfer,No,1
CUST-01919,43,52,20.25,997.47,2,1,3.0,4,Month-to-month,Fiber optic,Credit card,No,0
CUST-01920,48,7,76.17,545.29,3,2,8.0,3,One year,Fiber optic,Electronic check,No,0
CUST-01921,40,52,53.55,2952.46,4,2,1.0,2,Month-to-month,Fiber optic,Mailed check,Yes,1
CUST-01922,48,72,39.83,3068.05,0,3,7.0,3,Month-to-month,Fiber optic,Mailed check,No,0
CUST-01923,65,55,87.5,4720.24,1,0,5.0,4,Month-to-month,Fiber optic,Bank transfer,Yes,0
CUST-01924,42,33,45.13,1492.41,5,1,5.0,3,Month-to-month,DSL,Credit card,Yes,1
CUST-01925,38,22,85.14,1798.39,4,0,9.0,4,One year,Fiber optic,Bank transfer,Yes,0
CUST-01926,25,63,61.72,3579.5,3,0,3.0,2,Two year,DSL,Bank transfer,Yes,0
CUST-01927,38,18,40.54,687.78,2,0,8.0,2,Month-to-month,Fiber optic,Electronic check,No,0
CUST-01928,25,35,35.19,1353.48,2,1,8.0,4,Month-to-month,Fiber optic,Mailed check,Yes,0
CUST-01929,28,56,46.05,2460.57,1,0,10.0,3,Month-to-month,Fiber optic,Mailed check,Yes,0
CUST-01930,72,67,23.28,1737.48,1,1,9.0,3,Month-to-month,Fiber optic,Mailed check,No,0
CUST-01931,23,67,53.89,3386.61,3,0,6.0,3,Month-to-month,Fiber optic,Electronic check,Yes,0
CUST-01932,45,6,119.22,753.62,0,0,4.0,4,One year,DSL,Mailed check,Yes,0
CUST-01933,65,65,111.45,7372.74,2,1,8.0,3,One year,No,Credit card,Yes,0
CUST-01934,72,8,60.92,510.39,1,1,10.0,4,One year,DSL,Credit card,Yes,0
CUST-01935,26,42,83.34,3621.21,1,1,3.0,1,Two year,DSL,Bank transfer,Yes,0
CUST-01936,27,67,82.41,5795.44,3,1,4.0,3,Month-to-month,DSL,Electronic check,No,0
CUST-01937,39,47,111.16,5733.03,4,0,5.0,2,One year,No,Bank transfer,Yes,0
CUST-01938,49,69,45.99,3221.65,3,2,2.0,1,One year,No,Electronic check,Yes,0
CUST-01939,72,25,52.6,1178.61,4,1,4.0,2,Month-to-month,DSL,Mailed check,Yes,1
CUST-01940,29,22,53.2,1106.03,3,0,2.0,4,Month-to-month,DSL,Mailed check,No,0
CUST-01941,27,23,24.5,591.66,1,1,8.0,4,Month-to-month,Fiber optic,Mailed check,Yes,0
CUST-01942,32,25,54.62,1363.56,1,3,5.0,2,Month-to-month,DSL,Mailed check,No,0
CUST-01943,67,49,116.57,5778.49,0,1,7.0,1,Month-to-month,DSL,Electronic check,Yes,0
CUST-01944,19,33,120.32,4062.59,2,0,1.0,2,Month-to-month,Fiber optic,Credit card,Yes,1
CUST-01945,39,53,32.06,1651.32,2,1,,2,Two year,Fiber optic,Mailed check,Yes,0
CUST-01946,24,30,70.39,2250.51,1,1,8.0,2,Two year,Fiber optic,Credit card,Yes,0
CUST-01947,26,22,61.95,1436.02,1,0,7.0,4,One year,Fiber optic,Credit card,Yes,0
CUST-01948,70,13,73.83,1009.15,1,0,8.0,2,One year,Fiber optic,Bank transfer,Yes,0
CUST-01949,18,40,81.02,3408.27,1,1,2.0,1,Two year,Fiber optic,Mailed check,No,0
CUST-01950,36,65,22.23,1580.32,1,0,6.0,1,Month-to-month,DSL,Credit card,Yes,0
CUST-01951,70,62,112.65,7144.2,0,3,5.0,3,Month-to-month,DSL,Credit card,Yes,1
CUST-01952,52,18,127.1,2544.26,2,0,9.0,1,One year,No,Electronic check,Yes,1
CUST-01953,22,34,91.87,2838.1,1,1,7.0,1,Two year,DSL,Mailed check,Yes,0
CUST-01954,44,51,92.65,4874.8,1,0,10.0,4,One year,Fiber optic,Credit card,No,0
CUST-01955,73,44,78.08,3614.38,2,1,1.0,1,Month-to-month,DSL,Mailed check,No,1
CUST-01956,40,4,56.77,225.84,3,1,5.0,3,One year,DSL,Credit card,No,0
CUST-01957,48,43,36.39,1485.23,1,0,8.0,1,Month-to-month,Fiber optic,Credit card,Yes,0
CUST-01958,48,2,84.25,170.52,2,0,1.0,4,Month-to-month,DSL,Mailed check,No,1
CUST-01959,55,8,24.94,193.04,0,2,7.0,3,Month-to-month,Fiber optic,Electronic check,No,0
CUST-01960,28,47,110.7,5713.77,2,0,3.0,4,One year,Fiber optic,Bank transfer,Yes,0
CUST-01961,65,7,66.3,448.15,5,2,1.0,3,Month-to-month,Fiber optic,Electronic check,Yes,1
CUST-01962,74,24,65.62,1452.31,3,2,7.0,2,Month-to-month,Fiber optic,Credit card,Yes,1
CUST-01963,26,42,55.99,2394.69,4,0,5.0,4,One year,DSL,Bank transfer,No,0
CUST-01964,64,47,126.63,5803.05,5,1,5.0,4,Month-to-month,No,Electronic check,Yes,1
CUST-01965,64,32,39.24,1133.9,4,1,4.0,1,Two year,No,Mailed check,Yes,0
CUST-01966,60,6,36.64,223.26,4,0,7.0,3,Month-to-month,DSL,Electronic check,Yes,0
CUST-01967,39,58,38.21,2236.31,3,0,7.0,3,One year,Fiber optic,Electronic check,Yes,0
CUST-01968,44,69,92.44,5878.09,1,1,7.0,2,Month-to-month,Fiber optic,Electronic check,No,0
CUST-01969,65,64,129.11,8456.67,2,2,8.0,2,Two year,Fiber optic,Credit card,Yes,0
CUST-01970,26,54,45.9,2518.67,3,1,7.0,4,Two year,DSL,Bank transfer,Yes,0
CUST-01971,65,29,119.62,3696.78,2,1,1.0,1,Month-to-month,DSL,Credit card,Yes,1
CUST-01972,70,63,50.65,3084.94,4,1,2.0,4,One year,DSL,Bank transfer,No,0
CUST-01973,56,35,91.27,3001.83,3,2,10.0,3,One year,DSL,Mailed check,Yes,0
CUST-01974,37,9,24.45,243.88,4,0,3.0,1,Month-to-month,Fiber optic,Bank transfer,Yes,1
CUST-01975,49,62,74.52,4688.12,3,1,5.0,2,One year,No,Mailed check,Yes,0
CUST-01976,20,23,92.0,1875.86,1,0,4.0,4,Two year,Fiber optic,Bank transfer,Yes,0
CUST-01977,71,68,79.0,5785.49,2,0,10.0,3,Month-to-month,Fiber optic,Electronic check,No,0
CUST-01978,37,26,46.16,1112.81,2,1,9.0,1,Two year,DSL,Bank transfer,No,0
CUST-01979,21,63,111.13,7481.81,0,0,5.0,1,Month-to-month,Fiber optic,Electronic check,Yes,1
CUST-01980,63,39,126.72,5185.42,1,2,7.0,4,Two year,Fiber optic,Bank transfer,Yes,0
CUST-01981,55,34,70.51,2667.08,3,1,6.0,1,Two year,No,Electronic check,Yes,0
CUST-01982,53,21,89.95,2100.02,2,0,7.0,3,Month-to-month,Fiber optic,Mailed check,Yes,0
CUST-01983,21,61,106.95,6170.73,0,0,10.0,4,Month-to-month,Fiber optic,Credit card,Yes,0
CUST-01984,60,4,46.56,198.15,3,0,7.0,1,One year,DSL,Electronic check,Yes,0
CUST-01985,54,34,115.09,3741.06,5,0,,1,Two year,No,Mailed check,Yes,0
CUST-01986,63,26,50.82,1362.29,5,1,6.0,4,Month-to-month,DSL,Bank transfer,No,0
CUST-01987,65,39,105.34,4204.64,1,0,9.0,4,Month-to-month,DSL,Electronic check,No,0
CUST-01988,30,18,32.33,519.73,3,1,1.0,3,One year,Fiber optic,Electronic check,Yes,0
CUST-01989,30,48,51.72,2187.74,0,1,4.0,1,Month-to-month,DSL,Electronic check,No,0
CUST-01990,70,28,78.7,1969.72,1,1,3.0,1,One year,DSL,Electronic check,No,0
CUST-01991,48,13,77.74,920.38,5,0,8.0,4,One year,No,Bank transfer,Yes,0
CUST-01992,42,14,113.55,1497.24,2,1,2.0,4,Two year,DSL,Credit card,No,1
CUST-01993,34,50,129.57,7111.25,4,0,7.0,4,Month-to-month,DSL,Bank transfer,Yes,1
CUST-01994,54,19,31.79,606.71,3,0,1.0,4,Two year,DSL,Mailed check,Yes,0
CUST-01995,60,22,49.85,1174.84,2,1,10.0,2,One year,DSL,Mailed check,No,0
CUST-01996,18,45,59.34,2887.11,1,1,4.0,2,Two year,No,Bank transfer,Yes,0
CUST-01997,49,24,72.68,1842.68,3,1,5.0,2,Month-to-month,Fiber optic,Credit card,Yes,1
CUST-01998,74,28,74.33,2026.99,4,0,8.0,3,One year,No,Bank transfer,Yes,0
CUST-01999,33,17,114.18,2110.57,1,1,4.0,1,Two year,No,Bank transfer,No,0
CUST-02000,34,25,104.76,2771.14,2,0,2.0,1,One year,Fiber optic,Electronic check,No,1
CUST-02001,68,50,22.07,1167.9,5,1,10.0,4,Month-to-month,Fiber optic,Credit card,Yes,0
CUST-02002,21,38,70.05,2918.45,1,0,2.0,2,Month-to-month,Fiber optic,Electronic check,Yes,0
CUST-02003,40,72,87.99,6485.29,2,2,5.0,1,Month-to-month,Fiber optic,Credit card,Yes,1
CUST-02004,44,56,70.64,3982.97,2,1,2.0,3,Month-to-month,Fiber optic,Mailed check,No,0
CUST-02005,63,1,34.37,37.59,2,2,7.0,2,One year,Fiber optic,Bank transfer,Yes,0
CUST-02006,25,27,63.72,1701.64,3,1,3.0,1,Two year,Fiber optic,Credit card,No,0
CUST-02007,42,21,65.28,1473.39,4,1,10.0,2,One year,Fiber optic,Mailed check,Yes,0
CUST-02008,26,42,40.65,1524.49,2,1,3.0,2,Month-to-month,DSL,Credit card,Yes,0
CUST-02009,62,19,103.19,1725.94,2,0,7.0,3,Month-to-month,Fiber optic,Bank transfer,Yes,1
CUST-02010,54,70,55.35,3900.81,3,1,1.0,4,Month-to-month,Fiber optic,Mailed check,Yes,0
CUST-02011,46,21,84.79,1598.38,3,0,2.0,4,Month-to-month,Fiber optic,Electronic check,Yes,1
CUST-02012,40,38,76.73,3249.21,2,0,3.0,4,Two year,Fiber optic,Credit card,No,0
CUST-02013,26,8,116.52,821.53,1,1,9.0,2,Month-to-month,Fiber optic,Bank transfer,Yes,1
CUST-02014,70,66,33.42,2321.2,2,1,10.0,3,Month-to-month,Fiber optic,Electronic check,Yes,0
CUST-02015,54,66,32.57,2017.23,4,1,,1,One year,DSL,Credit card,Yes,0
CUST-02016,36,57,53.04,3362.53,4,0,4.0,3,Month-to-month,Fiber optic,Credit card,Yes,0
CUST-02017,41,25,67.43,1637.82,4,0,4.0,3,Month-to-month,DSL,Credit card,No,0
CUST-02018,59,4,52.84,187.38,3,0,3.0,4,Month-to-month,DSL,Credit card,No,0
CUST-02019,59,51,103.95,4699.55,5,2,4.0,1,Month-to-month,DSL,Bank transfer,No,1
CUST-02020,44,31,46.98,1475.04,2,3,5.0,4,One year,Fiber optic,Bank transfer,Yes,0
CUST-02021,35,72,29.33,2358.44,2,0,7.0,3,Month-to-month,Fiber optic,Electronic check,Yes,0
CUST-02022,55,50,65.52,3653.22,8,0,3.0,1,One year,DSL,Credit card,Yes,0
CUST-02023,55,39,105.07,3937.7,2,1,1.0,4,Month-to-month,No,Mailed check,Yes,1
CUST-02024,52,72,113.56,8142.38,3,1,6.0,2,Month-to-month,Fiber optic,Bank transfer,Yes,1
CUST-02025,22,58,100.67,5278.97,4,1,3.0,2,One year,Fiber optic,Bank transfer,Yes,0
CUST-02026,44,33,81.37,2699.5,3,0,5.0,1,Month-to-month,Fiber optic,Bank transfer,Yes,1
CUST-02027,52,1,99.66,102.04,1,1,8.0,1,Month-to-month,Fiber optic,Credit card,No,1
CUST-02028,72,6,94.95,535.66,5,0,9.0,1,Month-to-month,Fiber optic,Credit card,No,1
CUST-02029,47,32,45.78,1504.38,4,0,6.0,2,Month-to-month,DSL,Bank transfer,Yes,0
CUST-02030,37,41,80.58,3620.7,0,1,10.0,2,Month-to-month,DSL,Electronic check,No,0
CUST-02031,49,2,104.77,184.44,4,0,3.0,2,Two year,Fiber optic,Bank transfer,No,1
CUST-02032,28,9,54.88,461.79,2,1,8.0,3,Month-to-month,No,Bank transfer,Yes,0
CUST-02033,23,51,91.94,4362.5,1,0,10.0,4,Month-to-month,Fiber optic,Electronic check,No,0
CUST-02034,56,54,72.96,3584.2,2,1,3.0,4,Month-to-month,Fiber optic,Bank transfer,No,0
CUST-02035,74,2,75.35,138.62,3,0,8.0,2,Month-to-month,DSL,Mailed check,Yes,1
CUST-02036,66,37,29.91,1140.11,0,0,5.0,4,One year,Fiber optic,Credit card,No,0
CUST-02037,51,5,93.28,421.93,9,0,9.0,3,One year,No,Electronic check,Yes,1
CUST-02038,20,52,115.23,6334.99,2,0,4.0,2,Two year,Fiber optic,Mailed check,Yes,0
CUST-02039,74,60,35.56,2331.78,3,1,10.0,1,Month-to-month,Fiber optic,Electronic check,No,0
CUST-02040,43,63,60.27,4185.75,3,1,8.0,2,Month-to-month,DSL,Credit card,Yes,0
CUST-02041,34,43,25.35,1131.95,4,1,8.0,1,One year,DSL,Credit card,Yes,0
CUST-02042,68,45,23.26,970.68,2,2,1.0,1,Month-to-month,DSL,Credit card,Yes,1
CUST-02043,60,67,128.86,7774.33,4,0,1.0,4,Month-to-month,Fiber optic,Mailed check,No,1
CUST-02044,60,44,74.28,3058.12,3,3,7.0,1,Month-to-month,Fiber optic,Bank transfer,No,1
CUST-02045,33,32,59.11,2101.23,5,0,5.0,3,Month-to-month,DSL,Mailed check,Yes,0
CUST-02046,74,55,50.24,3069.81,0,0,4.0,1,Two year,No,Credit card,Yes,0
CUST-02047,43,43,127.8,5339.66,4,1,9.0,3,Two year,No,Bank transfer,Yes,0
CUST-02048,48,61,47.75,2790.97,0,0,5.0,4,One year,Fiber optic,Electronic check,Yes,0
CUST-02049,60,38,99.83,3802.65,2,1,5.0,2,Month-to-month,No,Credit card,Yes,1
CUST-02050,55,63,51.21,3064.94,0,1,4.0,1,One year,No,Bank transfer,No,0
CUST-02051,27,3,27.75,92.83,1,1,10.0,1,One year,DSL,Bank transfer,Yes,0
CUST-02052,35,2,95.16,,3,1,4.0,4,One year,No,Credit card,Yes,1
CUST-02053,38,7,20.18,136.82,6,0,3.0,1,Month-to-month,Fiber optic,Credit card,No,1
CUST-02054,72,40,94.33,3709.24,2,0,7.0,2,Two year,DSL,Electronic check,Yes,0
CUST-02055,58,51,47.54,,1,1,1.0,4,Month-to-month,DSL,Bank transfer,Yes,0
CUST-02056,38,15,102.07,1487.99,3,0,6.0,3,One year,Fiber optic,Mailed check,Yes,1
CUST-02057,59,11,104.67,1249.94,2,1,6.0,4,Two year,No,Credit card,Yes,0
CUST-02058,60,62,99.65,5645.03,1,0,3.0,4,Two year,Fiber optic,Bank transfer,No,0
CUST-02059,40,54,22.69,1249.97,0,0,8.0,3,Two year,Fiber optic,Mailed check,Yes,0
CUST-02060,40,47,97.41,4475.68,1,0,1.0,4,Month-to-month,DSL,Credit card,No,0
CUST-02061,68,35,128.92,4155.41,4,0,10.0,1,One year,No,Mailed check,Yes,0
CUST-02062,50,30,46.69,1236.76,2,0,9.0,1,Month-to-month,DSL,Bank transfer,Yes,0
CUST-02063,26,1,50.17,47.44,2,0,2.0,2,One year,Fiber optic,Electronic check,No,0
CUST-02064,59,13,109.49,1273.69,4,0,5.0,4,Month-to-month,Fiber optic,Credit card,No,1
CUST-02065,51,65,37.64,2374.24,2,1,2.0,3,Month-to-month,DSL,Mailed check,No,0
CUST-02066,47,24,92.66,2389.41,4,0,7.0,2,Two year,No,Credit card,Yes,0
CUST-02067,59,51,103.05,5532.65,1,0,4.0,1,Two year,No,Bank transfer,Yes,0
CUST-02068,69,51,24.09,1360.51,1,1,5.0,4,Month-to-month,Fiber optic,Electronic check,Yes,0
CUST-02069,36,22,80.91,1748.84,2,1,10.0,4,Month-to-month,Fiber optic,Electronic check,Yes,0
CUST-02070,41,14,83.35,1225.1,2,0,7.0,1,Month-to-month,No,Mailed check,No,0
CUST-02071,28,50,53.38,2774.91,4,0,9.0,2,Month-to-month,DSL,Electronic check,Yes,0
CUST-02072,54,6,116.4,650.97,5,1,7.0,3,Month-to-month,DSL,Credit card,Yes,1
CUST-02073,40,36,37.9,1300.08,3,0,5.0,1,Two year,Fiber optic,Credit card,Yes,0
CUST-02074,37,64,60.06,3871.36,2,0,1.0,3,Month-to-month,Fiber optic,Bank transfer,Yes,0
CUST-02075,57,51,113.35,6192.43,4,1,1.0,4,Month-to-month,Fiber optic,Mailed check,No,1
CUST-02076,41,55,40.97,2232.7,4,1,6.0,4,One year,Fiber optic,Credit card,Yes,0
CUST-02077,44,6,110.35,618.84,1,0,6.0,4,Month-to-month,Fiber optic,Mailed check,No,1
CUST-02078,43,14,28.7,449.39,6,0,6.0,4,Month-to-month,DSL,Bank transfer,Yes,0
CUST-02079,32,20,73.82,1340.19,3,1,9.0,2,Month-to-month,DSL,Credit card,No,0
CUST-02080,25,21,28.29,659.09,3,0,1.0,2,Month-to-month,DSL,Mailed check,Yes,0
CUST-02081,65,14,94.57,1422.18,3,1,7.0,2,Month-to-month,Fiber optic,Mailed check,Yes,1
CUST-02082,23,70,106.97,8096.92,2,0,8.0,4,One year,Fiber optic,Bank transfer,Yes,0
CUST-02083,36,12,113.48,1458.15,3,0,7.0,3,Month-to-month,No,Bank transfer,Yes,1
CUST-02084,56,51,127.94,6067.94,3,1,3.0,2,Two year,Fiber optic,Mailed check,No,1
CUST-02085,25,42,93.92,4070.16,2,2,5.0,3,Two year,Fiber optic,Credit card,No,0
CUST-02086,55,44,104.6,4886.0,3,0,1.0,1,Two year,DSL,Bank transfer,Yes,1
CUST-02087,59,15,75.63,1201.34,5,3,2.0,2,Two year,Fiber optic,Bank transfer,Yes,1
CUST-02088,55,22,120.4,2503.58,3,1,9.0,1,Two year,No,Mailed check,Yes,0
CUST-02089,35,44,90.81,3689.85,4,1,7.0,4,Two year,DSL,Credit card,Yes,0
CUST-02090,19,21,117.19,2359.47,2,2,9.0,1,Month-to-month,Fiber optic,Mailed check,Yes,1
CUST-02091,68,50,45.9,2283.9,2,2,7.0,4,Month-to-month,DSL,Credit card,Yes,0
CUST-02092,36,2,74.64,151.92,0,0,3.0,1,One year,DSL,Mailed check,Yes,1
CUST-02093,63,5,100.28,541.95,1,0,9.0,1,Two year,Fiber optic,Bank transfer,No,0
CUST-02094,29,53,42.3,2386.66,4,1,7.0,3,Two year,Fiber optic,Mailed check,Yes,0
CUST-02095,27,45,43.25,2028.53,3,3,2.0,1,One year,Fiber optic,Electronic check,No,1
CUST-02096,62,3,127.58,361.01,2,1,1.0,1,Two year,No,Credit card,No,1
CUST-02097,71,65,67.81,4385.31,2,1,8.0,2,One year,No,Bank transfer,Yes,0
CUST-02098,67,0,40.0,38.42,3,1,8.0,3,One year,Fiber optic,Credit card,Yes,0
CUST-02099,60,69,56.46,3647.9,1,0,1.0,1,Month-to-month,DSL,Mailed check,Yes,0
CUST-02100,32,53,63.71,2979.74,3,1,5.0,1,Month-to-month,Fiber optic,Electronic check,No,1
CUST-02101,70,72,88.54,6129.26,0,1,10.0,2,Month-to-month,Fiber optic,Electronic check,Yes,0
CUST-02102,56,69,121.53,7894.75,0,1,8.0,3,Month-to-month,Fiber optic,Credit card,Yes,0
CUST-02103,27,22,128.52,2876.23,2,2,9.0,1,Month-to-month,Fiber optic,Bank transfer,Yes,1
CUST-02104,25,55,91.69,4513.2,3,0,4.0,2,Month-to-month,Fiber optic,Credit card,No,1
CUST-02105,67,15,96.99,1374.72,2,1,2.0,1,Two year,DSL,Bank transfer,No,1
CUST-02106,33,34,55.4,1677.81,1,1,4.0,2,Month-to-month,DSL,Electronic check,Yes,0
CUST-02107,61,17,114.29,2008.87,2,1,7.0,2,One year,Fiber optic,Mailed check,No,1
CUST-02108,25,35,43.96,1563.78,3,1,9.0,3,Month-to-month,No,Credit card,Yes,0
CUST-02109,33,63,31.7,1919.2,2,0,7.0,1,Two year,Fiber optic,Credit card,Yes,0
CUST-02110,34,31,127.06,3605.48,5,0,1.0,4,Month-to-month,No,Electronic check,Yes,1
CUST-02111,34,6,115.06,766.23,7,3,6.0,1,One year,Fiber optic,Electronic check,No,1
CUST-02112,56,23,53.4,1253.08,3,1,2.0,4,One year,DSL,Credit card,No,0
CUST-02113,70,57,94.27,5604.38,3,1,7.0,3,Month-to-month,Fiber optic,Electronic check,Yes,1
CUST-02114,69,38,71.37,2732.46,1,0,5.0,2,One year,No,Bank transfer,Yes,0
CUST-02115,60,40,55.54,2385.04,3,2,6.0,2,One year,Fiber optic,Mailed check,Yes,0
CUST-02116,29,31,51.55,1750.07,4,0,6.0,4,Two year,Fiber optic,Mailed check,Yes,0
CUST-02117,72,21,34.96,713.49,1,1,7.0,4,Month-to-month,Fiber optic,Credit card,Yes,0
CUST-02118,48,43,80.42,3615.77,4,0,1.0,3,Two year,DSL,Electronic check,Yes,0
CUST-02119,49,46,69.13,2973.83,4,1,10.0,1,Month-to-month,DSL,Electronic check,Yes,0
CUST-02120,57,65,76.34,5142.94,1,0,,4,Month-to-month,DSL,Electronic check,Yes,0
CUST-02121,61,45,43.69,1918.47,2,1,6.0,2,Month-to-month,Fiber optic,Bank transfer,Yes,0
CUST-02122,72,72,123.25,7823.56,1,1,4.0,1,Month-to-month,No,Credit card,Yes,1
CUST-02123,51,60,90.25,6007.0,4,1,2.0,4,Month-to-month,DSL,Credit card,Yes,1
CUST-02124,52,5,118.96,647.4,3,2,7.0,1,Two year,DSL,Bank transfer,Yes,1
CUST-02125,60,28,32.02,851.55,2,1,4.0,2,One year,Fiber optic,Mailed check,No,0
CUST-02126,32,28,88.51,2774.34,2,1,10.0,1,Two year,No,Electronic check,Yes,0
CUST-02127,35,0,113.44,108.46,1,3,7.0,2,Month-to-month,Fiber optic,Bank transfer,Yes,1
CUST-02128,53,13,56.4,725.96,0,0,5.0,4,One year,Fiber optic,Credit card,Yes,0
CUST-02129,21,55,41.47,2473.13,0,0,1.0,1,Month-to-month,Fiber optic,Electronic check,Yes,0
CUST-02130,36,25,49.15,1171.13,1,0,6.0,1,Month-to-month,Fiber optic,Mailed check,No,0
CUST-02131,58,10,50.02,494.26,3,1,9.0,4,Month-to-month,No,Mailed check,Yes,0
CUST-02132,73,20,69.19,1438.79,2,1,5.0,1,One year,DSL,Credit card,Yes,1
CUST-02133,47,20,55.86,1018.12,2,0,7.0,1,One year,No,Credit card,Yes,0
CUST-02134,40,12,49.84,586.93,3,1,2.0,3,Month-to-month,Fiber optic,Electronic check,Yes,1
CUST-02135,43,7,91.34,610.13,2,2,5.0,2,Month-to-month,Fiber optic,Electronic check,No,1
CUST-02136,57,55,25.83,1480.92,2,2,8.0,4,Month-to-month,DSL,Electronic check,No,0
CUST-02137,49,60,57.44,3145.3,2,1,5.0,1,Month-to-month,No,Electronic check,Yes,0
CUST-02138,19,36,95.87,3229.94,1,0,9.0,3,One year,Fiber optic,Credit card,Yes,0
CUST-02139,48,44,39.34,1818.77,4,1,5.0,4,Month-to-month,Fiber optic,Mailed check,Yes,0
CUST-02140,40,67,44.3,2723.21,6,2,9.0,3,Two year,Fiber optic,Credit card,Yes,0
CUST-02141,57,61,42.07,2518.24,1,1,7.0,1,Two year,DSL,Mailed check,Yes,0
CUST-02142,67,2,20.1,42.25,3,0,10.0,1,Month-to-month,DSL,Mailed check,Yes,0
CUST-02143,72,69,72.11,5292.6,3,1,6.0,1,Two year,DSL,Credit card,Yes,0
CUST-02144,52,4,24.29,87.71,0,0,5.0,4,One year,DSL,Electronic check,Yes,0
CUST-02145,38,1,50.02,54.25,3,0,4.0,1,Month-to-month,Fiber optic,Mailed check,Yes,1
CUST-02146,43,29,129.43,3955.23,0,0,7.0,1,Two year,Fiber optic,Credit card,Yes,0
CUST-02147,28,54,121.02,6283.03,4,1,10.0,2,Month-to-month,Fiber optic,Credit card,No,0
CUST-02148,71,5,43.66,232.12,2,0,2.0,2,One year,Fiber optic,Mailed check,Yes,1
CUST-02149,66,21,54.1,1198.35,2,0,10.0,1,One year,DSL,Credit card,No,0
CUST-02150,66,19,71.01,1381.86,5,0,10.0,2,Two year,Fiber optic,Electronic check,Yes,0
CUST-02151,36,29,112.89,3319.76,3,1,8.0,4,One year,Fiber optic,Mailed check,Yes,0
CUST-02152,36,71,108.29,8121.68,0,0,6.0,1,Two year,Fiber optic,Mailed check,Yes,0
CUST-02153,66,24,33.89,910.82,0,1,9.0,4,Month-to-month,DSL,Electronic check,Yes,0
CUST-02154,49,15,33.69,514.88,1,1,3.0,3,Two year,No,Bank transfer,No,0
CUST-02155,58,8,65.84,565.75,4,0,7.0,2,One year,Fiber optic,Electronic check,No,0
CUST-02156,45,14,115.71,1714.91,4,2,9.0,3,One year,No,Credit card,Yes,1
CUST-02157,43,9,117.03,1143.21,1,1,9.0,2,Two year,Fiber optic,Electronic check,Yes,0
CUST-02158,54,41,31.81,1446.48,1,0,6.0,1,Month-to-month,Fiber optic,Bank transfer,Yes,0
CUST-02159,64,30,83.17,2311.31,5,0,4.0,1,Month-to-month,No,Credit card,No,1
CUST-02160,37,36,37.12,1229.03,2,1,10.0,1,Two year,No,Mailed check,Yes,0
CUST-02161,64,60,95.47,5846.91,2,0,7.0,3,Two year,No,Bank transfer,No,0
CUST-02162,31,42,120.81,5012.27,1,0,8.0,1,One year,No,Mailed check,Yes,0
CUST-02163,40,11,70.02,783.29,1,0,7.0,1,Month-to-month,No,Electronic check,Yes,1
CUST-02164,70,27,29.14,843.06,3,0,9.0,1,Month-to-month,Fiber optic,Electronic check,Yes,0
CUST-02165,72,22,83.72,2032.68,3,1,5.0,1,Month-to-month,DSL,Electronic check,No,1
CUST-02166,70,60,64.94,3819.17,2,0,6.0,4,Month-to-month,Fiber optic,Credit card,No,0
CUST-02167,36,22,109.2,2528.05,1,0,9.0,1,Two year,Fiber optic,Bank transfer,Yes,0
CUST-02168,66,10,57.44,532.6,3,1,6.0,3,One year,Fiber optic,Electronic check,Yes,0
CUST-02169,71,53,116.24,6211.81,3,0,3.0,2,Month-to-month,Fiber optic,Mailed check,Yes,1
CUST-02170,73,31,50.11,1375.13,1,2,8.0,1,Month-to-month,Fiber optic,Bank transfer,Yes,0
CUST-02171,19,6,37.33,224.18,2,0,4.0,2,Two year,No,Credit card,No,0
CUST-02172,60,50,53.71,2714.72,0,0,2.0,1,One year,Fiber optic,Credit card,Yes,0
CUST-02173,74,15,23.84,377.81,1,0,4.0,2,Month-to-month,DSL,Electronic check,No,0
CUST-02174,61,63,50.94,3324.36,4,2,1.0,4,Month-to-month,Fiber optic,Credit card,Yes,0
CUST-02175,31,60,92.61,5367.76,4,0,9.0,3,Month-to-month,Fiber optic,Mailed check,No,0
CUST-02176,61,26,35.65,816.95,2,0,10.0,4,Month-to-month,DSL,Bank transfer,No,0
CUST-02177,23,40,32.25,1170.95,2,0,3.0,3,One year,Fiber optic,Mailed check,Yes,0
CUST-02178,45,41,34.56,1577.83,5,1,10.0,4,Month-to-month,No,Bank transfer,No,0
CUST-02179,53,47,28.53,1476.82,3,4,8.0,1,Month-to-month,DSL,Bank transfer,Yes,0
CUST-02180,44,5,116.21,556.66,0,1,10.0,1,Month-to-month,Fiber optic,Electronic check,No,1
CUST-02181,57,23,123.85,2683.69,6,0,2.0,2,Month-to-month,Fiber optic,Electronic check,Yes,1
CUST-02182,31,12,25.12,296.84,7,0,1.0,3,One year,Fiber optic,Electronic check,Yes,1
CUST-02183,52,50,103.61,5416.66,1,1,10.0,4,One year,Fiber optic,Credit card,Yes,0
CUST-02184,54,5,101.09,488.08,0,0,3.0,1,Month-to-month,Fiber optic,Electronic check,No,1
CUST-02185,54,37,129.66,4299.21,2,2,6.0,1,Month-to-month,Fiber optic,Credit card,No,1
CUST-02186,34,53,58.27,3016.26,3,0,10.0,4,One year,No,Bank transfer,Yes,0
CUST-02187,35,69,51.41,3343.47,3,0,4.0,3,Two year,DSL,Electronic check,No,0
CUST-02188,32,21,69.84,1405.02,1,1,1.0,2,Month-to-month,Fiber optic,Mailed check,No,1
CUST-02189,44,0,114.22,104.98,3,1,8.0,1,Month-to-month,Fiber optic,Credit card,No,1
CUST-02190,51,52,100.15,5406.33,7,0,5.0,3,Two year,DSL,Bank transfer,Yes,0
CUST-02191,38,0,71.88,72.34,0,0,1.0,4,Month-to-month,No,Credit card,Yes,1
CUST-02192,41,4,46.9,177.28,2,1,4.0,1,Two year,Fiber optic,Mailed check,Yes,0
CUST-02193,34,72,99.97,7290.89,0,1,6.0,1,Two year,DSL,Bank transfer,No,0
CUST-02194,30,62,114.0,7055.63,0,1,9.0,4,Month-to-month,DSL,Electronic check,Yes,0
CUST-02195,55,51,63.99,3495.31,1,0,3.0,4,Month-to-month,DSL,Credit card,No,0
CUST-02196,64,60,93.54,6226.6,4,2,6.0,1,Two year,Fiber optic,Bank transfer,No,0
CUST-02197,34,5,64.02,291.73,2,1,2.0,3,Month-to-month,Fiber optic,Credit card,Yes,1
CUST-02198,67,6,72.63,475.93,6,1,3.0,4,Month-to-month,Fiber optic,Electronic check,No,1
CUST-02199,50,21,77.74,1712.78,1,3,3.0,1,Month-to-month,Fiber optic,Mailed check,Yes,1
CUST-02200,27,1,105.33,110.2,3,1,6.0,1,One year,Fiber optic,Electronic check,Yes,1
CUST-02201,38,64,127.53,7915.69,2,0,7.0,1,Two year,No,Bank transfer,Yes,0
CUST-02202,18,4,68.88,265.2,1,2,2.0,4,One year,No,Credit card,No,0
CUST-02203,20,39,57.65,1981.59,0,1,1.0,4,Month-to-month,DSL,Credit card,No,0
CUST-02204,37,62,61.1,4226.61,2,2,8.0,1,One year,Fiber optic,Bank transfer,No,0
CUST-02205,43,53,34.73,1887.74,3,0,3.0,1,One year,No,Mailed check,Yes,0
CUST-02206,63,17,52.66,874.24,3,1,7.0,3,Month-to-month,Fiber optic,Bank transfer,Yes,0
CUST-02207,25,34,29.51,1013.88,4,1,1.0,4,One year,DSL,Credit card,No,0
CUST-02208,65,40,67.07,2386.96,2,0,7.0,4,One year,DSL,Bank transfer,No,0
CUST-02209,31,56,38.41,1982.49,7,0,10.0,1,Month-to-month,No,Bank transfer,No,0
CUST-02210,25,31,58.1,1854.42,2,1,5.0,2,Two year,Fiber optic,Mailed check,No,0
CUST-02211,57,20,107.29,2153.14,1,3,6.0,1,Month-to-month,Fiber optic,Bank transfer,No,1
CUST-02212,62,58,47.05,2916.92,2,0,3.0,1,Month-to-month,No,Bank transfer,Yes,0
CUST-02213,52,64,87.31,5800.73,1,1,3.0,3,Month-to-month,DSL,Mailed check,No,0
CUST-02214,24,35,119.13,4271.06,2,2,1.0,2,Month-to-month,No,Electronic check,Yes,1
CUST-02215,24,2,82.36,177.18,1,2,5.0,3,Month-to-month,Fiber optic,Bank transfer,No,1
CUST-02216,40,36,41.32,1333.39,4,1,10.0,2,Month-to-month,Fiber optic,Bank transfer,Yes,0
CUST-02217,43,64,57.92,3876.7,4,0,2.0,3,One year,DSL,Bank transfer,No,0
CUST-02218,74,72,84.94,6432.12,0,0,5.0,3,One year,DSL,Credit card,Yes,0
CUST-02219,34,29,75.73,2077.66,3,2,9.0,1,Month-to-month,Fiber optic,Bank transfer,Yes,1
CUST-02220,28,10,36.35,336.95,4,0,5.0,1,One year,DSL,Mailed check,Yes,0
CUST-02221,71,41,69.15,2640.44,3,1,8.0,2,One year,DSL,Mailed check,No,0
CUST-02222,26,60,79.74,4437.79,5,1,4.0,1,Month-to-month,DSL,Electronic check,No,1
CUST-02223,19,68,49.41,3379.06,0,2,7.0,1,Two year,Fiber optic,Credit card,No,0
CUST-02224,42,3,87.37,239.19,2,0,10.0,2,Month-to-month,No,Bank transfer,Yes,0
CUST-02225,40,21,27.72,604.37,1,0,6.0,2,Month-to-month,DSL,Credit card,Yes,0
CUST-02226,53,34,57.03,1755.24,2,0,8.0,2,Month-to-month,DSL,Bank transfer,No,0
CUST-02227,68,7,108.47,673.08,4,0,7.0,1,Month-to-month,Fiber optic,Mailed check,No,1
CUST-02228,71,64,48.52,2970.6,1,0,1.0,1,Month-to-month,Fiber optic,Mailed check,No,0
CUST-02229,34,8,86.57,,1,0,2.0,4,Month-to-month,Fiber optic,Electronic check,Yes,1
CUST-02230,73,48,65.1,3491.27,1,0,7.0,3,One year,No,Electronic check,No,0
CUST-02231,54,67,54.81,3498.64,1,1,4.0,2,Two year,DSL,Electronic check,Yes,0
CUST-02232,21,50,120.77,5635.7,2,0,5.0,1,One year,Fiber optic,Mailed check,No,0
CUST-02233,71,55,57.76,2945.61,2,1,5.0,2,One year,No,Electronic check,Yes,0
CUST-02234,25,19,46.03,848.09,6,2,8.0,4,One year,Fiber optic,Credit card,Yes,0
CUST-02235,51,60,120.02,7384.14,2,1,10.0,4,One year,Fiber optic,Bank transfer,Yes,0
CUST-02236,63,30,102.05,3268.66,2,2,10.0,4,Month-to-month,No,Bank transfer,No,0
CUST-02237,32,4,95.0,367.65,3,2,1.0,1,Month-to-month,DSL,Credit card,No,1
CUST-02238,33,26,25.45,681.71,2,0,8.0,2,Month-to-month,DSL,Mailed check,No,0
CUST-02239,45,25,34.43,857.04,4,0,8.0,1,Month-to-month,DSL,Credit card,Yes,0
CUST-02240,68,38,90.22,3713.46,1,1,9.0,4,One year,No,Credit card,No,0
CUST-02241,30,19,43.04,831.31,2,1,5.0,1,Month-to-month,No,Credit card,Yes,1
CUST-02242,55,33,44.82,1404.48,2,0,6.0,3,Month-to-month,DSL,Electronic check,Yes,0
CUST-02243,43,31,105.71,3437.13,3,0,5.0,2,Month-to-month,Fiber optic,Credit card,No,1
CUST-02244,24,23,51.45,1274.25,2,5,4.0,3,One year,Fiber optic,Bank transfer,Yes,1
CUST-02245,58,50,27.87,1381.94,2,0,3.0,4,Month-to-month,DSL,Electronic check,Yes,0
CUST-02246,65,22,24.01,589.98,2,2,7.0,2,Month-to-month,No,Bank transfer,Yes,0
CUST-02247,50,55,68.75,4125.28,2,1,1.0,1,Month-to-month,Fiber optic,Electronic check,No,1
CUST-02248,28,18,87.88,1466.79,3,2,8.0,3,Month-to-month,No,Bank transfer,Yes,1
CUST-02249,26,63,115.58,7782.67,1,2,9.0,3,One year,Fiber optic,Electronic check,Yes,0
CUST-02250,42,26,32.19,857.22,3,1,3.0,1,Month-to-month,DSL,Credit card,Yes,1
CUST-02251,46,2,41.63,83.96,3,0,3.0,1,Month-to-month,Fiber optic,Bank transfer,No,1
CUST-02252,49,10,78.28,785.42,5,0,6.0,3,Two year,Fiber optic,Credit card,Yes,0
CUST-02253,31,58,60.05,3778.31,3,0,9.0,3,Month-to-month,DSL,Credit card,Yes,0
CUST-02254,46,63,73.08,4726.55,4,0,2.0,1,One year,DSL,Mailed check,Yes,0
CUST-02255,34,15,121.65,1841.26,1,1,5.0,3,One year,No,Electronic check,Yes,1
CUST-02256,57,43,79.94,3065.24,2,1,3.0,2,Month-to-month,Fiber optic,Credit card,Yes,1
CUST-02257,63,41,65.66,2658.66,2,0,9.0,1,Month-to-month,Fiber optic,Bank transfer,No,0
CUST-02258,55,9,128.84,1273.12,1,3,9.0,3,Month-to-month,DSL,Bank transfer,Yes,1
CUST-02259,18,32,27.17,913.62,1,1,1.0,3,Month-to-month,Fiber optic,Mailed check,Yes,0
CUST-02260,74,50,122.53,5466.24,1,2,2.0,1,Month-to-month,Fiber optic,Electronic check,Yes,1
CUST-02261,19,70,75.18,5747.59,2,2,2.0,3,One year,DSL,Bank transfer,Yes,0
CUST-02262,74,61,75.41,4960.65,1,0,9.0,1,Month-to-month,DSL,Mailed check,No,0
CUST-02263,19,7,121.42,859.46,3,1,10.0,3,Month-to-month,Fiber optic,Bank transfer,No,1
CUST-02264,47,17,75.81,1141.05,4,0,4.0,4,One year,Fiber optic,Electronic check,No,0
CUST-02265,24,31,68.22,2146.51,4,0,2.0,4,Month-to-month,DSL,Electronic check,Yes,1
CUST-02266,23,10,49.97,446.28,6,1,7.0,2,One year,No,Bank transfer,Yes,0
CUST-02267,56,41,92.47,3627.83,1,2,9.0,2,Month-to-month,DSL,Electronic check,Yes,1
CUST-02268,59,0,82.66,85.22,1,0,10.0,1,One year,No,Credit card,Yes,0
CUST-02269,24,8,43.58,383.19,2,1,5.0,4,Two year,DSL,Electronic check,No,0
CUST-02270,73,3,98.04,284.08,3,0,8.0,2,Month-to-month,Fiber optic,Mailed check,Yes,1
CUST-02271,36,21,90.85,2072.7,1,0,10.0,4,Two year,Fiber optic,Bank transfer,Yes,0
CUST-02272,36,55,63.71,3855.88,3,2,9.0,4,Month-to-month,Fiber optic,Electronic check,No,0
CUST-02273,34,12,20.48,217.51,0,0,5.0,2,Month-to-month,No,Electronic check,Yes,0
CUST-02274,44,72,69.12,4665.41,4,0,3.0,3,Month-to-month,DSL,Credit card,No,0
CUST-02275,28,19,20.67,412.51,0,1,4.0,2,Month-to-month,DSL,Credit card,Yes,0
CUST-02276,42,3,28.25,89.97,3,2,4.0,3,Two year,DSL,Electronic check,No,0
CUST-02277,29,24,67.37,1575.13,2,2,10.0,1,Month-to-month,Fiber optic,Bank transfer,No,0
CUST-02278,20,54,29.01,1625.47,3,0,8.0,4,Month-to-month,No,Mailed check,No,0
CUST-02279,39,7,50.32,361.72,3,1,9.0,1,Two year,DSL,Mailed check,Yes,0
CUST-02280,56,5,92.1,487.0,2,1,8.0,3,Month-to-month,Fiber optic,Credit card,Yes,1
CUST-02281,61,62,53.95,3520.43,0,0,5.0,4,One year,Fiber optic,Credit card,Yes,0
CUST-02282,38,43,129.74,5024.34,0,1,8.0,4,Month-to-month,No,Credit card,No,0
CUST-02283,36,25,120.79,2772.07,2,0,7.0,4,Two year,Fiber optic,Bank transfer,Yes,0
CUST-02284,62,55,84.38,4231.83,0,1,8.0,3,Month-to-month,No,Electronic check,Yes,0
CUST-02285,56,61,126.36,8508.01,1,2,4.0,4,One year,Fiber optic,Credit card,Yes,1
CUST-02286,65,26,115.48,3300.48,1,3,3.0,4,One year,No,Credit card,No,1
CUST-02287,69,40,55.08,2360.46,1,1,2.0,2,Two year,Fiber optic,Mailed check,Yes,0
CUST-02288,64,0,102.46,93.03,4,0,3.0,3,Two year,DSL,Electronic check,Yes,1
CUST-02289,71,22,35.05,784.84,2,1,10.0,2,One year,No,Mailed check,No,0
CUST-02290,41,43,95.3,3790.29,2,0,10.0,2,Month-to-month,Fiber optic,Bank transfer,No,0
CUST-02291,40,14,74.02,1003.55,1,0,2.0,4,Month-to-month,DSL,Bank transfer,No,1
CUST-02292,36,72,21.85,1485.26,1,1,6.0,1,Two year,Fiber optic,Mailed check,Yes,0
CUST-02293,31,70,50.17,3789.14,1,0,10.0,1,One year,No,Credit card,Yes,0
CUST-02294,60,18,125.09,2059.49,2,0,8.0,1,Two year,Fiber optic,Electronic check,Yes,1
CUST-02295,58,28,54.74,1586.49,6,0,7.0,1,One year,DSL,Bank transfer,Yes,0
CUST-02296,63,13,39.96,579.81,0,1,6.0,3,Month-to-month,No,Credit card,Yes,0
CUST-02297,27,36,40.63,1528.34,1,0,4.0,4,Month-to-month,Fiber optic,Electronic check,Yes,0
CUST-02298,46,9,72.71,588.31,1,1,10.0,4,Month-to-month,DSL,Electronic check,Yes,0
CUST-02299,30,28,112.69,3464.17,0,0,1.0,4,One year,DSL,Bank transfer,Yes,0
CUST-02300,68,40,103.38,4277.2,5,2,9.0,4,Month-to-month,DSL,Credit card,No,1
CUST-02301,33,44,68.05,2962.8,2,1,9.0,2,Month-to-month,Fiber optic,Electronic check,Yes,0
CUST-02302,26,43,42.96,1918.08,3,1,3.0,4,One year,DSL,Credit card,No,0
CUST-02303,50,16,25.07,437.61,1,1,6.0,2,Month-to-month,DSL,Credit card,No,0
CUST-02304,68,57,70.89,4018.55,3,3,9.0,3,Month-to-month,Fiber optic,Bank transfer,Yes,0
CUST-02305,70,50,109.63,5522.71,2,0,5.0,1,Month-to-month,No,Credit card,Yes,1
CUST-02306,23,54,100.27,5352.79,1,0,4.0,4,Month-to-month,Fiber optic,Credit card,No,0
CUST-02307,36,34,64.95,1981.78,2,1,1.0,4,Month-to-month,Fiber optic,Bank transfer,No,1
CUST-02308,26,65,85.42,5934.84,2,2,5.0,3,One year,Fiber optic,Mailed check,Yes,0
CUST-02309,35,28,67.99,1733.03,0,0,3.0,1,Two year,DSL,Credit card,Yes,0
CUST-02310,48,58,83.69,4731.2,2,2,9.0,2,One year,No,Mailed check,No,0
CUST-02311,33,14,76.93,1047.77,4,1,9.0,3,Two year,DSL,Credit card,No,0
CUST-02312,21,18,94.91,1618.19,1,1,4.0,2,Month-to-month,DSL,Mailed check,No,1
CUST-02313,47,38,75.85,2814.86,4,1,3.0,3,Month-to-month,Fiber optic,Bank transfer,Yes,1
CUST-02314,21,40,123.47,5078.68,1,0,3.0,2,Month-to-month,DSL,Electronic check,No,1
CUST-02315,30,54,67.08,3458.35,1,0,5.0,4,One year,DSL,Electronic check,Yes,0
CUST-02316,18,21,21.75,420.85,1,0,7.0,1,Month-to-month,Fiber optic,Mailed check,Yes,0
CUST-02317,22,63,46.0,3154.9,1,2,2.0,2,Two year,Fiber optic,Mailed check,No,0
CUST-02318,42,24,75.07,2005.27,2,0,10.0,1,One year,DSL,Bank transfer,Yes,0
CUST-02319,66,38,79.46,2989.47,2,1,8.0,3,Two year,Fiber optic,Bank transfer,Yes,0
CUST-02320,62,68,80.76,5263.69,2,0,2.0,2,Month-to-month,Fiber optic,Electronic check,No,0
CUST-02321,23,39,98.6,3427.77,4,0,4.0,2,One year,No,Mailed check,Yes,0
CUST-02322,19,49,50.21,2186.81,2,2,8.0,1,Month-to-month,DSL,Bank transfer,No,0
CUST-02323,37,66,93.14,5989.2,1,5,6.0,4,Month-to-month,No,Bank transfer,Yes,1
CUST-02324,55,71,97.44,7632.6,2,1,6.0,1,One year,Fiber optic,Electronic check,Yes,0
CUST-02325,60,36,65.24,2478.68,1,1,1.0,4,Month-to-month,Fiber optic,Electronic check,Yes,0
CUST-02326,64,30,64.24,1857.48,0,0,5.0,4,Two year,DSL,Mailed check,Yes,0
CUST-02327,37,14,39.68,617.92,4,0,7.0,4,One year,Fiber optic,Electronic check,Yes,0
CUST-02328,27,39,65.54,2512.36,6,0,8.0,2,One year,DSL,Electronic check,Yes,0
CUST-02329,19,67,106.55,6756.42,4,0,5.0,3,Month-to-month,Fiber optic,Mailed check,Yes,0
CUST-02330,26,35,119.99,4125.42,0,0,6.0,4,Month-to-month,Fiber optic,Credit card,Yes,1
CUST-02331,21,25,85.3,1984.87,6,0,3.0,1,Month-to-month,DSL,Electronic check,Yes,1
CUST-02332,67,7,52.93,404.8,3,0,8.0,1,One year,DSL,Bank transfer,Yes,0
CUST-02333,33,28,95.05,2572.73,1,1,7.0,1,Month-to-month,No,Credit card,Yes,1
CUST-02334,64,17,101.42,1789.51,3,0,8.0,4,Two year,Fiber optic,Electronic check,Yes,0
CUST-02335,49,71,56.54,,2,0,7.0,1,Two year,Fiber optic,Mailed check,Yes,0
CUST-02336,48,38,110.92,4621.35,0,0,10.0,4,Month-to-month,No,Mailed check,No,0
CUST-02337,43,10,28.11,290.71,3,0,9.0,4,One year,DSL,Mailed check,Yes,0
CUST-02338,64,4,21.18,84.48,3,1,9.0,4,Month-to-month,Fiber optic,Credit card,No,0
CUST-02339,20,62,33.53,1895.33,1,0,4.0,3,Month-to-month,Fiber optic,Mailed check,No,0
CUST-02340,23,67,37.16,2729.88,4,1,1.0,3,Month-to-month,DSL,Bank transfer,No,0
CUST-02341,42,55,116.68,6489.51,1,0,1.0,3,Two year,DSL,Credit card,No,0
CUST-02342,40,9,66.75,,5,0,8.0,3,Two year,No,Credit card,Yes,0
CUST-02343,49,7,50.24,383.58,2,1,9.0,4,Month-to-month,DSL,Credit card,Yes,0
CUST-02344,60,14,67.2,840.2,4,0,7.0,2,Month-to-month,DSL,Mailed check,No,0
CUST-02345,51,54,63.43,3272.38,2,3,8.0,4,Month-to-month,Fiber optic,Electronic check,Yes,0
CUST-02346,32,55,53.16,2949.64,1,3,1.0,2,Month-to-month,Fiber optic,Bank transfer,Yes,1
CUST-02347,36,61,35.17,2062.89,3,0,6.0,1,Month-to-month,Fiber optic,Mailed check,No,0
CUST-02348,60,7,92.15,641.45,0,0,7.0,4,Two year,DSL,Electronic check,Yes,0
CUST-02349,29,11,35.03,363.53,3,1,2.0,3,Two year,Fiber optic,Bank transfer,Yes,0
CUST-02350,46,65,105.3,6236.84,5,0,8.0,1,Month-to-month,Fiber optic,Mailed check,Yes,1
CUST-02351,48,67,42.19,2512.52,6,0,4.0,1,Two year,Fiber optic,Credit card,Yes,0
CUST-02352,60,52,100.45,4794.22,3,0,2.0,1,One year,No,Bank transfer,No,1
CUST-02353,58,7,108.61,842.92,4,1,7.0,3,One year,DSL,Bank transfer,No,1
CUST-02354,44,5,33.79,172.01,1,0,5.0,4,Two year,Fiber optic,Electronic check,Yes,0
CUST-02355,35,4,29.54,117.85,2,1,6.0,2,Month-to-month,Fiber optic,Credit card,Yes,0
CUST-02356,38,50,124.45,6049.75,4,2,6.0,1,Month-to-month,Fiber optic,Electronic check,Yes,1
CUST-02357,41,61,70.94,4543.8,0,0,7.0,4,Month-to-month,Fiber optic,Electronic check,Yes,0
CUST-02358,30,46,89.33,3755.39,2,0,5.0,3,One year,DSL,Electronic check,No,0
CUST-02359,53,19,22.56,405.61,3,2,9.0,3,Month-to-month,Fiber optic,Mailed check,No,0
CUST-02360,29,55,50.66,2890.55,2,3,9.0,1,Month-to-month,Fiber optic,Mailed check,No,0
CUST-02361,54,4,75.59,300.84,2,0,5.0,3,Month-to-month,Fiber optic,Electronic check,Yes,1
CUST-02362,60,60,117.48,7505.72,6,2,2.0,2,Month-to-month,DSL,Mailed check,Yes,1
CUST-02363,72,65,49.86,3549.78,3,1,3.0,1,Month-to-month,DSL,Mailed check,Yes,0
CUST-02364,24,52,105.27,5898.88,3,1,8.0,2,Month-to-month,DSL,Credit card,Yes,0
CUST-02365,61,64,92.84,5491.43,2,0,3.0,1,Two year,DSL,Electronic check,Yes,0
CUST-02366,22,42,32.68,1237.98,3,0,8.0,2,One year,DSL,Credit card,Yes,0
CUST-02367,37,34,52.27,1636.19,1,0,7.0,4,Month-to-month,DSL,Credit card,Yes,0
CUST-02368,28,23,46.17,1134.17,3,0,5.0,4,Two year,DSL,Mailed check,Yes,0
CUST-02369,27,67,68.68,5058.58,1,2,2.0,3,Two year,DSL,Bank transfer,No,0
CUST-02370,27,50,89.89,4953.42,4,0,6.0,4,Month-to-month,No,Credit card,Yes,0
CUST-02371,20,13,67.68,837.23,1,0,7.0,4,One year,Fiber optic,Mailed check,Yes,0
CUST-02372,64,69,46.9,3500.43,1,0,2.0,1,Month-to-month,DSL,Credit card,No,0
CUST-02373,21,4,96.55,389.56,4,0,9.0,2,Month-to-month,Fiber optic,Credit card,Yes,1
CUST-02374,40,42,84.29,3814.44,2,2,2.0,2,One year,Fiber optic,Mailed check,Yes,1
CUST-02375,57,13,77.12,1014.2,2,1,5.0,3,Month-to-month,DSL,Bank transfer,Yes,1
CUST-02376,74,48,80.99,3557.14,2,0,6.0,4,Month-to-month,Fiber optic,Electronic check,Yes,0
CUST-02377,66,30,44.41,1197.75,4,0,8.0,4,Month-to-month,DSL,Mailed check,No,0
CUST-02378,25,31,94.85,3263.0,3,0,3.0,1,Month-to-month,Fiber optic,Electronic check,Yes,1
CUST-02379,74,49,62.63,3014.22,2,0,4.0,3,Month-to-month,DSL,Credit card,Yes,0
CUST-02380,55,55,59.98,3180.55,1,1,9.0,1,Two year,Fiber optic,Mailed check,Yes,0
CUST-02381,28,27,36.47,950.73,1,0,4.0,2,Month-to-month,DSL,Mailed check,Yes,0
CUST-02382,43,72,85.65,5987.62,3,0,7.0,2,Month-to-month,DSL,Credit card,Yes,0
CUST-02383,70,36,86.29,3438.21,2,0,4.0,3,One year,Fiber optic,Bank transfer,Yes,0
CUST-02384,40,11,57.43,565.43,3,1,1.0,4,Month-to-month,DSL,Electronic check,Yes,1
CUST-02385,28,0,114.58,104.1,1,1,6.0,4,One year,Fiber optic,Electronic check,Yes,1
CUST-02386,67,14,113.0,1691.97,2,0,4.0,2,Month-to-month,DSL,Bank transfer,Yes,1
CUST-02387,72,50,32.0,1618.97,2,0,3.0,3,Month-to-month,Fiber optic,Mailed check,No,0
CUST-02388,73,39,96.45,3426.2,5,1,9.0,1,Month-to-month,Fiber optic,Credit card,No,1
CUST-02389,72,24,63.32,1349.89,2,1,8.0,1,Month-to-month,No,Bank transfer,No,0
CUST-02390,67,35,129.97,4247.88,0,1,3.0,4,One year,Fiber optic,Bank transfer,No,1
CUST-02391,43,61,44.75,2573.05,1,1,6.0,4,One year,No,Bank transfer,Yes,0
CUST-02392,28,41,50.86,1842.14,4,0,8.0,4,Month-to-month,DSL,Mailed check,No,0
CUST-02393,53,4,68.63,255.81,1,2,1.0,2,Month-to-month,Fiber optic,Bank transfer,No,1
CUST-02394,30,3,49.56,157.18,0,0,1.0,3,Two year,Fiber optic,Mailed check,No,0
CUST-02395,44,35,96.12,3651.18,3,0,6.0,1,Month-to-month,Fiber optic,Electronic check,No,1
CUST-02396,55,29,72.9,2316.16,4,0,10.0,3,Month-to-month,Fiber optic,Bank transfer,No,0
CUST-02397,71,62,44.3,2674.03,3,0,10.0,2,One year,No,Credit card,Yes,0
CUST-02398,34,42,75.7,3041.6,2,0,,4,Month-to-month,Fiber optic,Credit card,No,0
CUST-02399,32,55,117.77,7254.42,1,0,8.0,2,Two year,DSL,Electronic check,Yes,0
CUST-02400,59,42,107.16,4791.65,1,2,5.0,3,Month-to-month,Fiber optic,Credit card,Yes,1
CUST-02401,18,25,74.87,1888.53,4,1,10.0,3,Two year,DSL,Mailed check,Yes,0
CUST-02402,50,47,51.73,2288.22,2,0,6.0,4,Month-to-month,Fiber optic,Electronic check,Yes,0
CUST-02403,60,45,39.79,1713.76,4,1,9.0,1,Month-to-month,Fiber optic,Bank transfer,Yes,0
CUST-02404,49,52,116.62,6086.6,0,0,4.0,2,Month-to-month,DSL,Bank transfer,Yes,0
CUST-02405,39,13,98.12,1288.44,4,1,10.0,2,Two year,DSL,Bank transfer,Yes,0
CUST-02406,65,46,82.94,3369.94,2,1,8.0,1,Month-to-month,No,Bank transfer,Yes,0
CUST-02407,39,20,116.74,2592.23,6,0,8.0,4,Month-to-month,DSL,Mailed check,Yes,1
CUST-02408,58,57,33.39,1937.77,2,0,1.0,4,Two year,DSL,Mailed check,Yes,0
CUST-02409,44,58,95.07,5632.05,1,1,9.0,1,Month-to-month,DSL,Credit card,No,0
CUST-02410,19,45,43.84,1836.19,0,1,2.0,3,Month-to-month,Fiber optic,Mailed check,No,0
CUST-02411,48,69,33.26,2440.89,2,1,10.0,4,Month-to-month,DSL,Mailed check,No,0
CUST-02412,20,39,71.22,2935.75,1,0,2.0,2,Two year,Fiber optic,Electronic check,Yes,0
CUST-02413,71,1,62.61,56.53,3,1,9.0,3,Month-to-month,DSL,Bank transfer,No,0
CUST-02414,52,44,123.53,5559.24,0,0,7.0,3,Month-to-month,DSL,Mailed check,No,0
CUST-02415,39,56,55.64,3234.14,1,0,4.0,1,Two year,DSL,Bank transfer,Yes,0
CUST-02416,45,7,109.64,829.29,0,3,9.0,4,One year,DSL,Credit card,Yes,1
CUST-02417,53,7,102.37,666.04,0,0,4.0,4,Month-to-month,Fiber optic,Bank transfer,Yes,1
CUST-02418,32,19,93.47,1936.89,2,1,1.0,2,One year,DSL,Electronic check,No,1
CUST-02419,34,61,121.24,7327.27,3,0,1.0,2,Month-to-month,Fiber optic,Credit card,No,1
CUST-02420,41,38,64.87,2226.36,4,0,9.0,4,Month-to-month,Fiber optic,Bank transfer,No,0
CUST-02421,32,71,62.86,4040.63,3,1,4.0,4,Month-to-month,DSL,Mailed check,No,0
CUST-02422,61,63,37.7,2202.84,3,0,9.0,1,One year,DSL,Mailed check,No,0
CUST-02423,23,40,50.33,1908.23,1,0,1.0,2,One year,Fiber optic,Electronic check,Yes,0
CUST-02424,65,49,116.78,5717.28,3,1,1.0,3,Month-to-month,Fiber optic,Bank transfer,Yes,1
CUST-02425,37,24,72.18,1835.74,0,0,10.0,1,Month-to-month,Fiber optic,Bank transfer,Yes,0
CUST-02426,49,6,57.55,319.34,1,0,2.0,4,Month-to-month,No,Credit card,Yes,1
CUST-02427,26,29,43.77,1419.41,2,2,7.0,1,One year,DSL,Bank transfer,Yes,0
CUST-02428,39,43,73.35,2897.83,2,2,4.0,4,One year,Fiber optic,Credit card,Yes,0
CUST-02429,61,13,98.83,1315.43,4,0,6.0,1,One year,Fiber optic,Mailed check,No,1
CUST-02430,33,16,51.54,909.53,4,0,2.0,4,Two year,DSL,Credit card,Yes,0
CUST-02431,25,1,103.35,111.6,2,1,3.0,1,Two year,Fiber optic,Electronic check,No,1
CUST-02432,47,53,89.28,4899.79,1,0,8.0,3,Two year,Fiber optic,Bank transfer,No,0
CUST-02433,27,65,106.63,7289.41,3,0,6.0,2,One year,Fiber optic,Mailed check,Yes,0
CUST-02434,35,60,47.6,2605.27,2,1,6.0,2,Month-to-month,Fiber optic,Bank transfer,Yes,0
CUST-02435,43,27,89.41,2129.98,0,0,10.0,1,One year,DSL,Mailed check,Yes,0
CUST-02436,50,43,36.91,1562.05,3,0,5.0,3,Month-to-month,Fiber optic,Mailed check,No,0
CUST-02437,54,70,60.02,3787.5,0,1,,3,Month-to-month,Fiber optic,Bank transfer,No,0
CUST-02438,56,43,99.68,4139.91,2,1,8.0,2,Month-to-month,Fiber optic,Bank transfer,Yes,1
CUST-02439,66,21,89.48,1754.49,3,1,5.0,2,Month-to-month,Fiber optic,Electronic check,No,1
CUST-02440,21,24,40.66,1073.35,3,1,3.0,3,One year,Fiber optic,Electronic check,No,0
CUST-02441,38,53,114.42,6617.4,3,0,4.0,3,Month-to-month,Fiber optic,Bank transfer,Yes,1
CUST-02442,18,32,25.87,891.21,2,1,9.0,3,Month-to-month,DSL,Bank transfer,No,0
CUST-02443,18,61,85.47,5481.37,3,1,4.0,1,Two year,Fiber optic,Bank transfer,Yes,0
CUST-02444,30,63,128.22,7407.21,1,1,7.0,3,One year,Fiber optic,Credit card,Yes,0
CUST-02445,52,2,78.47,139.93,2,0,2.0,2,Month-to-month,DSL,Electronic check,No,1
CUST-02446,68,52,108.07,5827.19,7,1,4.0,2,Month-to-month,DSL,Bank transfer,Yes,1
CUST-02447,62,27,85.47,2386.48,1,0,10.0,2,Month-to-month,DSL,Mailed check,No,0
CUST-02448,54,37,106.14,3804.11,1,1,6.0,2,Two year,Fiber optic,Credit card,No,0
CUST-02449,62,19,92.12,1738.81,3,0,9.0,1,Month-to-month,DSL,Electronic check,Yes,1
CUST-02450,27,26,96.02,2490.02,1,0,3.0,2,Two year,No,Electronic check,No,0
CUST-02451,65,24,45.06,1013.94,2,1,8.0,3,Month-to-month,No,Mailed check,Yes,0
CUST-02452,68,3,101.6,291.21,3,0,10.0,1,One year,No,Credit card,Yes,0
CUST-02453,23,57,46.17,2580.14,2,0,10.0,4,Month-to-month,DSL,Mailed check,Yes,0
CUST-02454,44,10,127.87,1310.36,1,0,5.0,2,Month-to-month,Fiber optic,Mailed check,No,1
CUST-02455,65,27,45.06,1349.71,2,0,7.0,3,Month-to-month,No,Bank transfer,No,0
CUST-02456,45,14,46.04,650.51,2,0,9.0,1,Month-to-month,Fiber optic,Credit card,Yes,0
CUST-02457,65,11,114.45,1328.8,3,0,9.0,1,Two year,DSL,Bank transfer,Yes,0
CUST-02458,71,27,46.73,1354.67,2,2,10.0,4,One year,No,Credit card,No,0
CUST-02459,45,67,59.7,3628.88,3,0,1.0,4,Month-to-month,Fiber optic,Credit card,No,0
CUST-02460,21,68,98.61,6951.91,1,0,6.0,1,One year,Fiber optic,Credit card,Yes,0
CUST-02461,37,27,37.46,1007.08,2,0,8.0,4,Month-to-month,No,Mailed check,Yes,0
CUST-02462,30,36,37.5,1373.47,3,0,8.0,4,Two year,No,Credit card,Yes,0
CUST-02463,45,71,73.5,4640.39,3,2,2.0,1,Month-to-month,Fiber optic,Electronic check,Yes,1
CUST-02464,51,17,46.81,873.35,2,0,6.0,1,Month-to-month,DSL,Bank transfer,Yes,0
CUST-02465,44,68,45.92,3461.88,0,2,2.0,1,Month-to-month,Fiber optic,Credit card,No,0
CUST-02466,29,7,21.02,129.61,4,1,1.0,4,Month-to-month,Fiber optic,Credit card,No,0
CUST-02467,35,16,60.75,905.0,5,1,2.0,4,Two year,Fiber optic,Mailed check,Yes,0
CUST-02468,56,24,55.01,1218.91,2,1,10.0,3,Month-to-month,Fiber optic,Bank transfer,No,0
CUST-02469,19,2,23.43,50.02,5,1,3.0,2,Month-to-month,Fiber optic,Mailed check,Yes,1
CUST-02470,30,59,88.34,5334.75,3,1,5.0,4,Two year,Fiber optic,Bank transfer,No,0
CUST-02471,68,62,88.93,5086.68,2,0,3.0,4,Month-to-month,No,Electronic check,Yes,0
CUST-02472,23,27,27.79,806.87,2,1,9.0,4,Month-to-month,No,Bank transfer,Yes,0
CUST-02473,41,61,54.87,3229.37,3,1,9.0,2,One year,Fiber optic,Electronic check,Yes,0
CUST-02474,29,56,116.01,6435.53,3,0,7.0,3,Month-to-month,Fiber optic,Bank transfer,Yes,0
CUST-02475,23,58,84.04,4742.49,1,0,9.0,3,Two year,Fiber optic,Electronic check,No,0
CUST-02476,42,58,65.32,3808.0,1,2,2.0,1,One year,Fiber optic,Electronic check,Yes,0
CUST-02477,47,41,71.16,2903.66,1,1,10.0,3,Month-to-month,DSL,Credit card,Yes,0
CUST-02478,28,8,42.91,324.71,1,0,5.0,3,Month-to-month,Fiber optic,Credit card,Yes,0
CUST-02479,22,67,109.31,7191.16,1,0,5.0,3,Month-to-month,Fiber optic,Electronic check,No,0
CUST-02480,25,44,120.54,5823.53,4,3,2.0,2,Month-to-month,Fiber optic,Credit card,No,1
CUST-02481,55,65,120.17,7816.48,1,0,9.0,3,One year,No,Credit card,No,0
CUST-02482,67,70,44.63,3436.3,1,1,2.0,4,One year,No,Electronic check,No,0
CUST-02483,28,13,54.18,712.81,2,2,9.0,3,Month-to-month,No,Credit card,No,0
CUST-02484,36,29,37.67,1162.91,0,0,8.0,4,One year,No,Bank transfer,Yes,0
CUST-02485,37,14,53.79,715.75,1,3,8.0,4,Month-to-month,Fiber optic,Mailed check,No,0
CUST-02486,38,3,56.61,181.67,4,0,1.0,2,Two year,No,Credit card,Yes,0
CUST-02487,31,70,89.64,5919.88,2,3,8.0,3,Month-to-month,No,Electronic check,No,0
CUST-02488,21,67,40.86,2421.95,3,1,10.0,3,Two year,Fiber optic,Credit card,No,0
CUST-02489,47,68,121.13,7566.15,1,0,4.0,4,Month-to-month,DSL,Electronic check,Yes,1
CUST-02490,38,64,31.34,1775.49,3,3,5.0,2,Month-to-month,DSL,Credit card,Yes,0
CUST-02491,37,47,20.76,1080.41,3,0,2.0,1,Month-to-month,Fiber optic,Bank transfer,Yes,0
CUST-02492,33,38,114.04,4853.52,1,2,5.0,3,Two year,Fiber optic,Bank transfer,No,0
CUST-02493,70,72,97.41,7454.92,3,1,7.0,3,Two year,Fiber optic,Credit card,Yes,0
CUST-02494,52,40,59.09,2141.31,2,1,3.0,3,One year,Fiber optic,Mailed check,No,0
CUST-02495,41,46,85.5,4309.57,2,1,8.0,3,Month-to-month,Fiber optic,Credit card,Yes,0
CUST-02496,29,15,44.59,707.98,2,0,1.0,3,One year,DSL,Electronic check,Yes,1
CUST-02497,63,54,38.52,1996.33,4,2,7.0,1,Month-to-month,DSL,Bank transfer,Yes,0
CUST-02498,68,59,71.83,4240.29,3,0,6.0,4,One year,Fiber optic,Credit card,No,0
CUST-02499,19,49,58.85,2995.6,2,0,3.0,2,Month-to-month,DSL,Electronic check,Yes,0
CUST-02500,70,36,87.68,2795.92,1,1,4.0,1,Two year,No,Bank transfer,No,0
